类型,大类,等级,期刊简称,期刊全称,出版社,网址
期刊,计算机体系结构/并行与分布计算/存储系统,A,TOCS,ACM Transactions on Computer Systems,ACM,http://dblp.uni-trier.de/db/journals/tocs/
期刊,计算机体系结构/并行与分布计算/存储系统,A,TOS,ACM Transactions on Storage,ACM,http://dblp.uni-trier.de/db/journals/tos/
期刊,计算机体系结构/并行与分布计算/存储系统,A,TCAD,IEEE Transactions on Computer-Aided Design of Integrated Circuits and Systems,IEEE,http://dblp.uni-trier.de/db/journals/tcad/
期刊,计算机体系结构/并行与分布计算/存储系统,A,TC,IEEE Transactions on Computers,IEEE,http://dblp.uni-trier.de/db/journals/tc/index.html
期刊,计算机体系结构/并行与分布计算/存储系统,A,TPDS,IEEE Transactions on Parallel and Distributed Systems,IEEE,http://dblp.uni-trier.de/db/journals/tpds/
期刊,计算机体系结构/并行与分布计算/存储系统,A,TACO,ACM Transactions on Architecture and Code Optimization,ACM,http://dblp.uni-trier.de/db/journals/taco/
期刊,计算机体系结构/并行与分布计算/存储系统,B,TAAS,ACM Transactions on Autonomous and Adaptive Systems,ACM,http://dblp.uni-trier.de/db/journals/taas/
期刊,计算机体系结构/并行与分布计算/存储系统,B,TODAES,ACM Transactions on Design Automation of Electronic Systems,ACM,http://dblp.uni-trier.de/db/journals/todaes/
期刊,计算机体系结构/并行与分布计算/存储系统,B,TECS,ACM Transactions on Embedded Computing Systems,ACM,http://dblp.uni-trier.de/db/journals/tecs/
期刊,计算机体系结构/并行与分布计算/存储系统,B,TRETS,ACM Transactions on Reconfigurable Technology and Systems,ACM,http://dblp.uni-trier.de/db/journals/trets/
期刊,计算机体系结构/并行与分布计算/存储系统,B,TVLSI,IEEE Transactions on Very Large Scale Integration (VLSI) Systems,IEEE,http://dblp.uni-trier.de/db/journals/tvlsi/
期刊,计算机体系结构/并行与分布计算/存储系统,B,JPDC,Journal of Parallel and Distributed Computing,Elsevier,http://dblp.uni-trier.de/db/journals/jpdc/
期刊,计算机体系结构/并行与分布计算/存储系统,B,JSA,Journal of Systems Architecture: Embedded Software Design,Elsevier,http://dblp.uni-trier.de/db/journals/jsa/
期刊,计算机体系结构/并行与分布计算/存储系统,B,TCC,IEEE Transactions on Cloud Computing,IEEE,https://dblp.uni-trier.de/db/journals/tcc/
期刊,计算机体系结构/并行与分布计算/存储系统,C,JETC,ACM Journal on Emerging Technologies in Computing Systems,ACM,http://dblp.uni-trier.de/db/journals/jetc/
期刊,计算机体系结构/并行与分布计算/存储系统,C,DC,Distributed Computing,Springer,http://dblp.uni-trier.de/db/journals/dc/
期刊,计算机体系结构/并行与分布计算/存储系统,C,FGCS,Future Generation Computer Systems,Elsevier,http://dblp.uni-trier.de/db/journals/fgcs
期刊,计算机体系结构/并行与分布计算/存储系统,C,Integration,"Integration, the VLSI Journal",Elsevier,http://dblp.uni-trier.de/db/journals/integration
期刊,计算机体系结构/并行与分布计算/存储系统,C,JETTA,Journal of Electronic Testing-Theory and Applications,Springer,https://dblp.org/db/journals/et/index.html
期刊,计算机体系结构/并行与分布计算/存储系统,C,JGC,Journal of Grid computing,Springer,https://dblp.uni-trier.de/db/journals/grid/
期刊,计算机体系结构/并行与分布计算/存储系统,C,RTS,Real-Time Systems,Springer,http://dblp.uni-trier.de/db/journals/rts/
期刊,计算机体系结构/并行与分布计算/存储系统,C,TJSC,The Journal of Supercomputing,Springer,http://dblp.uni-trier.de/db/journals/tjs/
期刊,计算机体系结构/并行与分布计算/存储系统,C,TCASI,IEEE Transactions on Circuits and Systems I: Regular Papers,IEEE,https://dblp.org/db/journals/tcasI/index.html
期刊,计算机体系结构/并行与分布计算/存储系统,C,CCF-THPC,CCF Transactions on High Performance Computing,CCF,https://dblp.org/db/journals/ccfthpc/index.html
期刊,计算机体系结构/并行与分布计算/存储系统,C,TSUSC,IEEE Transactions on Sustainable Computing,IEEE,https://dblp.org/db/journals/tsusc/index.html
会议,计算机体系结构/并行与分布计算/存储系统,A,PPoPP,ACM SIGPLAN Symposium on Principles & Practice of Parallel Programming,ACM,http://dblp.uni-trier.de/db/conf/ppopp/
会议,计算机体系结构/并行与分布计算/存储系统,A,FAST,USENIX Conference on File and Storage Technologies,USENIX,http://dblp.uni-trier.de/db/conf/fast/
会议,计算机体系结构/并行与分布计算/存储系统,A,DAC,Design Automation Conference,ACM,https://dblp.uni-trier.de/db/conf/dac/
会议,计算机体系结构/并行与分布计算/存储系统,A,HPCA,IEEE International Symposium on High Performance Computer Architecture,IEEE,http://dblp.uni-trier.de/db/conf/hpca/
会议,计算机体系结构/并行与分布计算/存储系统,A,MICRO,IEEE/ACM International Symposium on Microarchitecture,IEEE/ACM,https://dblp.uni-trier.de/db/conf/micro/index.html
会议,计算机体系结构/并行与分布计算/存储系统,A,SC,"International Conference for High Performance Computing, Networking, Storage, and Analysis",IEEE,http://dblp.uni-trier.de/db/conf/sc/
会议,计算机体系结构/并行与分布计算/存储系统,A,ASPLOS,International Conference on Architectural Support for Programming Languages and Operating Systems,ACM,http://dblp.uni-trier.de/db/conf/asplos/
会议,计算机体系结构/并行与分布计算/存储系统,A,ISCA,International Symposium on Computer Architecture,IEEE/ACM,http://dblp.uni-trier.de/db/conf/isca/
会议,计算机体系结构/并行与分布计算/存储系统,A,ACM SIGOPS ATC(原 USENIX ATC),ACM SIGOPS Annual Technical Conference,ACM,http://dblp.uni-trier.de/db/conf/usenix/index.html
会议,计算机体系结构/并行与分布计算/存储系统,A,EuroSys,European Conference on Computer Systems,ACM,http://dblp.uni-trier.de/db/conf/eurosys/
会议,计算机体系结构/并行与分布计算/存储系统,A,HPDC,The International ACM Symposium on High-Performance Parallel and Distributed Computing,IEEE,http://dblp.uni-trier.de/db/conf/hpdc/
会议,计算机体系结构/并行与分布计算/存储系统,B,SoCC,ACM Symposium on Cloud Computing,ACM,http://dblp.uni-trier.de/db/conf/cloud/
会议,计算机体系结构/并行与分布计算/存储系统,B,SPAA,ACM Symposium on Parallelism in Algorithms and Architectures,ACM,http://dblp.uni-trier.de/db/conf/spaa/
会议,计算机体系结构/并行与分布计算/存储系统,B,PODC,ACM Symposium on Principles of Distributed Computing,ACM,http://dblp.uni-trier.de/db/conf/podc/
会议,计算机体系结构/并行与分布计算/存储系统,B,FPGA,ACM/SIGDA International Symposium on Field-Programmable Gate Arrays,ACM,http://dblp.uni-trier.de/db/conf/fpga/
会议,计算机体系结构/并行与分布计算/存储系统,B,CGO,The International Symposium on Code Generation and Optimization,IEEE/ACM,http://dblp.uni-trier.de/db/conf/cgo/
会议,计算机体系结构/并行与分布计算/存储系统,B,DATE,"Design, Automation & Test in Europe",IEEE/ACM,http://dblp.uni-trier.de/db/conf/date/
会议,计算机体系结构/并行与分布计算/存储系统,B,HOT CHIPS,Hot Chips: A Symposium on High Performance Chips,IEEE,https://dblp.org/db/conf/hotchips/index.html
会议,计算机体系结构/并行与分布计算/存储系统,B,CLUSTER,IEEE International Conference on Cluster Computing,IEEE,https://dblp.uni-trier.de/db/conf/cluster/
会议,计算机体系结构/并行与分布计算/存储系统,B,ICCD,International Conference on Computer Design,IEEE,http://dblp.uni-trier.de/db/conf/iccd/
会议,计算机体系结构/并行与分布计算/存储系统,B,ICCAD,International Conference on Computer-Aided Design,IEEE/ACM,http://dblp.uni-trier.de/db/conf/iccad/
会议,计算机体系结构/并行与分布计算/存储系统,B,ICDCS,IEEE International Conference on Distributed Computing Systems,IEEE,http://dblp.uni-trier.de/db/conf/icdcs/
会议,计算机体系结构/并行与分布计算/存储系统,B,CODES+ ISSS,International Conference on Hardware/Software Co-design and System Synthesis,IEEE/ACM,https://dblp.uni-trier.de/db/conf/codesisss/index.html
会议,计算机体系结构/并行与分布计算/存储系统,B,HiPEAC,International Conference on High Performance and Embedded Architectures and Compilers,ACM,http://dblp.uni-trier.de/db/conf/hipeac/
会议,计算机体系结构/并行与分布计算/存储系统,B,SIG-METRICS,International Conference on Measurement and Modeling of Computer Systems,ACM,http://dblp.uni-trier.de/db/conf/sigmetrics/
会议,计算机体系结构/并行与分布计算/存储系统,B,PACT,International Conference on Parallel Architectures and Compilation Techniques,IEEE/ACM,http://dblp.uni-trier.de/db/conf/IEEEpact/
会议,计算机体系结构/并行与分布计算/存储系统,B,ICPP,International Conference on Parallel Processing,ACM,http://dblp.uni-trier.de/db/conf/icpp/
会议,计算机体系结构/并行与分布计算/存储系统,B,ICS,International Conference on Supercomputing,ACM,http://dblp.uni-trier.de/db/conf/ics/
会议,计算机体系结构/并行与分布计算/存储系统,B,VEE,International Conference on Virtual Execution Environments,ACM,http://dblp.uni-trier.de/db/conf/vee/
会议,计算机体系结构/并行与分布计算/存储系统,B,IPDPS,IEEE International Parallel & Distributed Processing Symposium,IEEE,http://dblp.uni-trier.de/db/conf/ipps/
会议,计算机体系结构/并行与分布计算/存储系统,B,Performance,"International Symposium on Computer Performance, Modeling, Measurements and Evaluation",ACM,http://dblp.uni-trier.de/db/conf/performance/
会议,计算机体系结构/并行与分布计算/存储系统,B,ITC,International Test Conference,IEEE,http://dblp.uni-trier.de/db/conf/itc/
会议,计算机体系结构/并行与分布计算/存储系统,B,LISA,Large Installation System Administration Conference,USENIX,http://dblp.uni-trier.de/db/conf/lisa/
会议,计算机体系结构/并行与分布计算/存储系统,B,MSST,Mass Storage Systems and Technologies,IEEE,http://dblp.uni-trier.de/db/conf/mss/
会议,计算机体系结构/并行与分布计算/存储系统,B,RTAS,IEEE Real-Time and Embedded Technology and Applications Symposium,IEEE,http://dblp.uni-trier.de/db/conf/rtas/
会议,计算机体系结构/并行与分布计算/存储系统,B,Euro-Par,European Conference on Parallel and Distributed Computing Springer,Springer,http://dblp.uni-trier.de/db/conf/europar/
会议,计算机体系结构/并行与分布计算/存储系统,B,ISCAS,IEEE International Symposium on Circuits and Systems,IEEE,http://dblp.uni-trier.de/db/conf/hpdc/
会议,计算机体系结构/并行与分布计算/存储系统,C,CF,ACM International Conference on Computing Frontiers,ACM,http://dblp.uni-trier.de/db/conf/cf
会议,计算机体系结构/并行与分布计算/存储系统,C,SYSTOR,ACM International Systems and Storage Conference,ACM,http://dblp.uni-trier.de/db/conf/systor/index.html
会议,计算机体系结构/并行与分布计算/存储系统,C,NOCS,ACM/IEEE International Symposium on Networks-on-Chip,IEEE/ACM,http://dblp.uni-trier.de/db/conf/nocs
会议,计算机体系结构/并行与分布计算/存储系统,C,ASAP,"IEEE International Conference on Application-Specific Systems, Architectures, and Processors",IEEE,http://dblp.uni-trier.de/db/conf/asap
会议,计算机体系结构/并行与分布计算/存储系统,C,ASP-DAC,Asia and South Pacific Design Automation Conference,IEEE/ACM,http://dblp.uni-trier.de/db/conf/aspdac
会议,计算机体系结构/并行与分布计算/存储系统,C,ETS,IEEE European Test Symposium,IEEE,http://dblp.uni-trier.de/db/conf/ets/
会议,计算机体系结构/并行与分布计算/存储系统,C,FPL,International Conference on Field-Programmable Logic and Applications,IEEE,http://dblp.uni-trier.de/db/conf/fpl/
会议,计算机体系结构/并行与分布计算/存储系统,C,FCCM,IEEE Symposium on Field-Programmable Custom Computing Machines,IEEE,http://dblp.uni-trier.de/db/conf/fccm/
会议,计算机体系结构/并行与分布计算/存储系统,C,GLSVLSI,Great Lakes Symposium on VLSI,IEEE/ACM,http://dblp.uni-trier.de/db/conf/glvlsi/
会议,计算机体系结构/并行与分布计算/存储系统,C,ATS,IEEE Asian Test Symposium,IEEE,http://dblp.uni-trier.de/db/conf/ats/
会议,计算机体系结构/并行与分布计算/存储系统,C,HPCC,IEEE International Conference on High Performance Computing and Communications,IEEE,http://dblp.uni-trier.de/db/conf/hpcc/
会议,计算机体系结构/并行与分布计算/存储系统,C,HiPC,"IEEE International Conference on High Performance Computing, Data and Analytics",IEEE/ACM,http://dblp.uni-trier.de/db/conf/hipc/index.html
会议,计算机体系结构/并行与分布计算/存储系统,C,MASCOTS,"International Symposium on Modeling, Analysis, and Simulation of Computer and Telecommunication Systems",IEEE,http://dblp.uni-trier.de/db/conf/mascots/
会议,计算机体系结构/并行与分布计算/存储系统,C,ISPA,IEEE International Symposium on Parallel and Distributed Processing with Applications,IEEE,http://dblp.uni-trier.de/db/conf/sigmetrics/
会议,计算机体系结构/并行与分布计算/存储系统,C,CCGRID,"IEEE/ACM International Symposium on Cluster, Cloud and Grid Computing",IEEE/ACM,http://dblp.uni-trier.de/db/conf/IEEEpact/
会议,计算机体系结构/并行与分布计算/存储系统,C,NPC,IFIP International Conference on Network and Parallel Computing,Springer,http://dblp.uni-trier.de/db/conf/icpp/
会议,计算机体系结构/并行与分布计算/存储系统,C,ICA3PP,International Conference on Algorithms and Architectures for Parallel Processing,IEEE,http://dblp.uni-trier.de/db/conf/ics/
会议,计算机体系结构/并行与分布计算/存储系统,C,CASES,"International Conference on Compilers, Architectures, and Synthesis for Embedded Systems",ACM,http://dblp.uni-trier.de/db/conf/vee/
会议,计算机体系结构/并行与分布计算/存储系统,C,FPT,International Conference on Field-Programmable Technology,IEEE,http://dblp.uni-trier.de/db/conf/ipps/
会议,计算机体系结构/并行与分布计算/存储系统,C,ICPADS,International Conference on Parallel and Distributed Systems,IEEE,http://dblp.uni-trier.de/db/conf/performance/
会议,计算机体系结构/并行与分布计算/存储系统,C,ISLPED,International Symposium on Low Power Electronics and Design,IEEE/ACM,http://dblp.uni-trier.de/db/conf/itc/
会议,计算机体系结构/并行与分布计算/存储系统,C,ISPD,International Symposium on Physical Design,ACM,http://dblp.uni-trier.de/db/conf/lisa/
会议,计算机体系结构/并行与分布计算/存储系统,C,HOTI,IEEE Symposium on High-Performance Interconnects,IEEE,http://dblp.uni-trier.de/db/conf/mss/
会议,计算机体系结构/并行与分布计算/存储系统,C,VTS,IEEE VLSI Test Symposium,IEEE,http://dblp.uni-trier.de/db/conf/rtas/
会议,计算机体系结构/并行与分布计算/存储系统,C,ITC-Asia,International Test Conference in Asia,IEEE,http://dblp.uni-trier.de/db/conf/europar/
会议,计算机体系结构/并行与分布计算/存储系统,C,SEC,ACM/IEEE Symposium on Edge Computing,IEEE/ACM,https://dblp.uni-trier.de/db/conf/ieeesec/index.html
会议,计算机体系结构/并行与分布计算/存储系统,C,NAS,"International Conference on Networking, Architecture and Storages",IEEE,https://dblp.uni-trier.de/db/conf/nas/index.html
会议,计算机体系结构/并行与分布计算/存储系统,C,HotStorage,HotStorage,USENIX Association,https://dblp.uni-trier.de/db/conf/hotstorage/index.html
会议,计算机体系结构/并行与分布计算/存储系统,C,APPT,International Symposium on Advanced Parallel Processing Technology,Springer,https://dblp.uni-trier.de/db/conf/appt/index.html
期刊,计算机网络,A,JSAC,IEEE Journal on Selected Areas in Communications,IEEE,http://dblp.uni-trier.de/db/journals/jsac/
期刊,计算机网络,A,TMC,IEEE Transactions on Mobile Computing,IEEE,http://dblp.uni-trier.de/db/journals/tmc/
期刊,计算机网络,A,TON,IEEE/ACM Transactions on Networking,IEEE/ACM,http://dblp.uni-trier.de/db/journals/ton/
期刊,计算机网络,B,TOIT,ACM Transactions on Internet Technology,ACM,http://dblp.uni-trier.de/db/journals/toit/
期刊,计算机网络,B,TOMM,"ACM Transactions on Multimedia Computing, Communications and Applications",ACM,http://dblp.uni-trier.de/db/journals/tomccap/
期刊,计算机网络,B,TOSN,ACM Transactions on Sensor Networks,ACM,http://dblp.uni-trier.de/db/journals/tosn/
期刊,计算机网络,B,CN,Computer Networks,Elsevier,http://dblp.uni-trier.de/db/journals/cn/
期刊,计算机网络,B,TCOM,IEEE Transactions on Communications,IEEE,http://dblp.uni-trier.de/db/journals/tcom/
期刊,计算机网络,B,TWC,IEEE Transactions on Wireless Communications,IEEE,http://dblp.uni-trier.de/db/journals/twc/
期刊,计算机网络,C,CC,Computer Communications,Elsevier,http://dblp.uni-trier.de/db/journals/comcom/
期刊,计算机网络,C,TNSM,IEEE Transactions on Network and Service Management,IEEE,http://dblp.uni-trier.de/db/journals/tnsm/
期刊,计算机网络,C,JNCA,Journal of Network and Computer Applications,Elsevier,http://dblp.uni-trier.de/db/journals/jnca/
期刊,计算机网络,C,MONET,Mobile Networks and Applications,Springer,http://dblp.uni-trier.de/db/journals/monet/
期刊,计算机网络,C,PPNA,Peer-to-Peer Networking and Applications,Springer,http://dblp.uni-trier.de/db/journals/ppna/
期刊,计算机网络,C,WCMC,Wireless Communications and Mobile Computing,Wiley,http://dblp.uni-trier.de/db/journals/wicomm/
期刊,计算机网络,C,IOT,IEEE Internet of Things Journal,IEEE,https://dblp.org/db/journals/iotj/index.html
期刊,计算机网络,C,TIOT,ACM Transactions on Internet of Things,ACM,https://dblp.uni-trier.de/db/journals/tiot/index.html
会议,计算机网络,A,SIGCOMM,"ACM International Conference on Applications, Technologies, Architectures, and Protocols for Computer Communication",ACM,http://dblp.uni-trier.de/db/conf/sigcomm/index.html
会议,计算机网络,A,MobiCom,ACM International Conference on Mobile Computing and Networking,ACM,http://dblp.uni-trier.de/db/conf/mobicom/
会议,计算机网络,A,INFOCOM,IEEE International Conference on Computer Communications,IEEE,http://dblp.uni-trier.de/db/conf/infocom/
会议,计算机网络,A,NSDI,Symposium on Network System Design and Implementation,USENIX,http://dblp.uni-trier.de/db/conf/nsdi/
会议,计算机网络,B,SenSys,ACM Conference on Embedded Networked Sensor Systems,ACM,http://dblp.uni-trier.de/db/conf/sensys/
会议,计算机网络,B,CoNEXT,ACM International Conference on Emerging Networking Experiments and Technologies,ACM,http://dblp.uni-trier.de/db/conf/conext/
会议,计算机网络,B,SECON,"IEEE International Conference on Sensing, Communication, and Networking",IEEE,http://dblp.uni-trier.de/db/conf/secon/
会议,计算机网络,B,IPSN,International Conference on Information Processing in Sensor Networks,IEEE/ACM,http://dblp.uni-trier.de/db/conf/ipsn/
会议,计算机网络,B,MobiSys,"ACM International Conference on Mobile Systems, Applications, and Services",ACM,http://dblp.uni-trier.de/db/conf/mobisys/
会议,计算机网络,B,ICNP,IEEE International Conference on Network Protocols,IEEE,http://dblp.uni-trier.de/db/conf/icnp/
会议,计算机网络,B,MobiHoc,"International Symposium on Theory, Algorithmic Foundations, and Protocol Design for Mobile Networks and Mobile Computing",IEEE/ACM,http://dblp.uni-trier.de/db/conf/mobihoc/
会议,计算机网络,B,NOSSDAV,International Workshop on Network and Operating System Support for Digital Audio and Video,ACM,http://dblp.uni-trier.de/db/conf/nossdav/
会议,计算机网络,B,IWQoS,IEEE/ACM International Workshop on Quality of Service,IEEE,http://dblp.uni-trier.de/db/conf/iwqos/
会议,计算机网络,B,IMC,ACM Internet Measurement Conference,ACM/USENIX,http://dblp.uni-trier.de/db/conf/imc/
会议,计算机网络,C,ANCS,ACM/IEEE Symposium on Architectures for Networking and Communication Systems,IEEE/ACM,http://dblp.uni-trier.de/db/conf/ancs/
会议,计算机网络,C,APNOMS,Asia-Pacific Network Operations and Management Symposium,IFIP/IEEE,http://dblp.uni-trier.de/db/conf/apnoms/
会议,计算机网络,C,FORTE,"International Conference on Formal Techniques for Distributed Objects, Components, and Systems",Springer,http://dblp.uni-trier.de/db/conf/forte/
会议,计算机网络,C,LCN,IEEE Conference on Local Computer Networks,IEEE,http://dblp.uni-trier.de/db/conf/lcn/
会议,计算机网络,C,GLOBECOM,IEEE Global Communications Conference,IEEE,http://dblp.uni-trier.de/db/conf/globecom/
会议,计算机网络,C,ICC,IEEE International Conference on Communications,IEEE,http://dblp.uni-trier.de/db/conf/icc/
会议,计算机网络,C,ICCCN,IEEE International Conference on Computer Communications and Networks,IEEE,http://dblp.uni-trier.de/db/conf/icccn/
会议,计算机网络,C,MASS,IEEE International Conference on Mobile Adhoc and Sensor Systems,IEEE,http://dblp.uni-trier.de/db/conf/mass/index.html
会议,计算机网络,C,P2P,IEEE International Conference on Peer-to-Peer Computing,IEEE,http://dblp.uni-trier.de/db/conf/p2p/
会议,计算机网络,C,IPCCC,IEEE International Performance Computing and Communications Conference,IEEE,http://dblp.uni-trier.de/db/conf/ipccc/
会议,计算机网络,C,WoWMoM,"IEEE International Symposium on a World of Wireless, Mobile and Multimedia Networks",IEEE,http://dblp.uni-trier.de/db/conf/wowmom/
会议,计算机网络,C,ISCC,IEEE Symposium on Computers and Communications,IEEE,http://dblp.uni-trier.de/db/conf/iscc/
会议,计算机网络,C,WCNC,IEEE Wireless Communications and Networking Conference,IEEE,http://dblp.uni-trier.de/db/conf/wcnc/
会议,计算机网络,C,Networking,IFIP International Conferences on Networking,IFIP,http://dblp.uni-trier.de/db/conf/networking/index.html
会议,计算机网络,C,IM,IFIP/IEEE International Symposium on Integrated Network Management,IFIP/IEEE,http://dblp.uni-trier.de/db/conf/im/index.html
会议,计算机网络,C,MSN,"International Conference on Mobility, Sensing and Networking",IEEE,https://dblp.uni-trier.de/db/conf/msn/
会议,计算机网络,C,MSWiM,"International Conference on Modeling, Analysis and Simulation of Wireless and Mobile Systems",ACM,http://dblp.uni-trier.de/db/conf/mswim/
会议,计算机网络,C,WASA,The International Conference on Wireless Artificial Intelligent Computing Systems and Applications,Springer,http://dblp.uni-trier.de/db/conf/wasa/
会议,计算机网络,C,HotNets,ACM The Workshop on Hot Topics in Networks,ACM,http://dblp.uni-trier.de/db/conf/hotnets/
会议,计算机网络,C,APNet,Asia-Pacific Workshop on Networking,ACM,https://dblp.org/db/conf/apnet/index.html
期刊,网络与信息安全,A,TDSC,IEEE Transactions on Dependable and Secure Computing,IEEE,http://dblp.uni-trier.de/db/journals/tdsc/
期刊,网络与信息安全,A,TIFS,IEEE Transactions on Information Forensics and Security,IEEE,http://dblp.uni-trier.de/db/journals/tifs/
期刊,网络与信息安全,B,TOPS,ACM Transactions on Privacy and Security,ACM,https://dblp.org/db/journals/tissec/index.html
期刊,网络与信息安全,B,JCS,Journal of Computer Security,IOS Press,http://dblp.uni-trier.de/db/journals/jcs/
期刊,网络与信息安全,B,Cybersecurity,Cybersecurity,中国科学院信息工程研究所/科学出版社,https://dblp.uni-trier.de/db/journals/cybersec/index.html
期刊,网络与信息安全,C,CLSR,Computer Law & Security Review,Elsevier,https://dblp.org/db/journals/clsr/index.html
期刊,网络与信息安全,C,IMCS,Information and Computer Security,Emerald,http://dblp.uni-trier.de/db/journals/imcs/
期刊,网络与信息安全,C,IJICS,International Journal of Information and Computer Security,Inderscience,http://dblp.uni-trier.de/db/journals/ijics/
期刊,网络与信息安全,C,IJISP,International Journal of Information Security and Privacy,IGI Global,http://dblp.uni-trier.de/db/journals/ijisp/
期刊,网络与信息安全,C,JISA,Journal of Information Security and Applications,Elsevier,https://dblp.uni-trier.de/db/journals/istr/
期刊,网络与信息安全,C,SCN,Security and Communication Networks,Wiley,http://dblp.uni-trier.de/db/journals/scn/
会议,网络与信息安全,A,CCS,ACM Conference on Computer and Communications Security,ACM,http://dblp.uni-trier.de/db/conf/ccs/
会议,网络与信息安全,A,EUROCRYPT,International Conference on the Theory and Applications of Cryptographic Techniques,Springer,http://dblp.uni-trier.de/db/conf/eurocrypt/
会议,网络与信息安全,A,S&P,IEEE Symposium on Security and Privacy,IEEE,http://dblp.uni-trier.de/db/conf/sp/
会议,网络与信息安全,A,CRYPTO,International Cryptology Conference,Springer,http://dblp.uni-trier.de/db/conf/crypto/
会议,网络与信息安全,A,USENIX Security,USENIX Security Symposium,USENIX Association,http://dblp.uni-trier.de/db/conf/uss/
会议,网络与信息安全,A,NDSS,Network and Distributed System Security Symposium,ISOC,http://dblp.uni-trier.de/db/conf/ndss/
会议,网络与信息安全,B,ACSAC,Annual Computer Security Applications Conference,IEEE,http://dblp.uni-trier.de/db/conf/ancs/
会议,网络与信息安全,B,ASIACRYPT,Annual International Conference on the Theory and Application of Cryptology and Information Security,Springer,http://dblp.uni-trier.de/db/conf/apnoms/
会议,网络与信息安全,B,ESORICS,European Symposium on Research in Computer Security,Springer,http://dblp.uni-trier.de/db/conf/forte/
会议,网络与信息安全,B,FSE,Fast Software Encryption,Springer,http://dblp.uni-trier.de/db/conf/lcn/
会议,网络与信息安全,B,CSFW,IEEE Computer Security Foundations Workshop,IEEE,http://dblp.uni-trier.de/db/conf/globecom/
会议,网络与信息安全,B,SRDS,IEEE International Symposium on Reliable Distributed Systems,IEEE,http://dblp.uni-trier.de/db/conf/icc/
会议,网络与信息安全,B,CHES,International Conference on Cryptographic Hardware and Embedded Systems,Springer,http://dblp.uni-trier.de/db/conf/icccn/
会议,网络与信息安全,B,DSN,International Conference on Dependable Systems and Networks,IEEE/IFIP,http://dblp.uni-trier.de/db/conf/mass/index.html
会议,网络与信息安全,B,RAID,International Symposium on Recent Advances in Intrusion Detection,Springer,http://dblp.uni-trier.de/db/conf/p2p/
会议,网络与信息安全,B,PKC,International Workshop on Practice and Theory in Public Key Cryptography,Springer,http://dblp.uni-trier.de/db/conf/ipccc/
会议,网络与信息安全,B,TCC,Theory of Cryptography Conference,Springer,http://dblp.uni-trier.de/db/conf/wowmom/
会议,网络与信息安全,C,WiSec,ACM Conference on Security and Privacy in Wireless and Mobile Networks,ACM,http://dblp.uni-trier.de/db/conf/ancs/
会议,网络与信息安全,C,SACMAT,ACM Symposium on Access Control Models and Technologies,ACM,http://dblp.uni-trier.de/db/conf/apnoms/
会议,网络与信息安全,C,DRM,ACM Workshop on Digital Rights Management,ACM,http://dblp.uni-trier.de/db/conf/forte/
会议,网络与信息安全,C,IH&MMSec,ACM Workshop on Information Hiding and Multimedia Security,ACM,http://dblp.uni-trier.de/db/conf/lcn/
会议,网络与信息安全,C,ACNS,International Conference on Applied Cryptography and Network Security,Springer,http://dblp.uni-trier.de/db/conf/globecom/
会议,网络与信息安全,C,AsiaCCS,ACM Asia Conference on Computer and Communications Security,ACM,http://dblp.uni-trier.de/db/conf/icc/
会议,网络与信息安全,C,ACISP,Australasia Conference on Information Security and Privacy,Springer,http://dblp.uni-trier.de/db/conf/icccn/
会议,网络与信息安全,C,CT-RSA,The Cryptographer's Track at RSA Conference,Springer,http://dblp.uni-trier.de/db/conf/mass/index.html
会议,网络与信息安全,C,DIMVA,Conference on Detection of Intrusions and Malware & Vulnerability Assessment,Springer,http://dblp.uni-trier.de/db/conf/p2p/
会议,网络与信息安全,C,DFRWS,Digital Forensic Research Workshop,Elsevier,http://dblp.uni-trier.de/db/conf/ipccc/
会议,网络与信息安全,C,FC,Financial Cryptography and Data Security,Springer,http://dblp.uni-trier.de/db/conf/wowmom/
会议,网络与信息安全,C,TrustCom,"IEEE International Conference on Trust, Security and Privacy in Computing and Communications",IEEE,http://dblp.uni-trier.de/db/conf/iscc/
会议,网络与信息安全,C,SEC,IFIP International Information Security Conference,Springer,http://dblp.uni-trier.de/db/conf/sec/
会议,网络与信息安全,C,IFIP WG 11.9,IFIP Working Group 11.9 International Conference on Digital Forensics,Springer,https://dblp.org/db/conf/ifip11-9/index.html
会议,网络与信息安全,C,ISC,Information Security Conference,Springer,http://dblp.uni-trier.de/db/conf/isw/
会议,网络与信息安全,C,ICDF2C,International Conference on Digital Forensics & Cyber Crime,Springer,http://dblp.uni-trier.de/db/conf/icdf2c/
会议,网络与信息安全,C,ICICS,International Conference on Information and Communications Security,Springer,http://dblp.uni-trier.de/db/conf/icics/
会议,网络与信息安全,C,SecureComm,International Conference on Security and Privacy in Communication Networks,ACM,http://dblp.uni-trier.de/db/conf/securecomm/
会议,网络与信息安全,C,NSPW,New Security Paradigms Workshop,ACM,http://dblp.uni-trier.de/db/conf/nspw/
会议,网络与信息安全,C,PAM,Passive and Active Measurement Conference,Springer,http://dblp.uni-trier.de/db/conf/pam/
会议,网络与信息安全,C,PETS,Privacy Enhancing Technologies Symposium,Springer,http://dblp.uni-trier.de/db/conf/pet/
会议,网络与信息安全,C,SAC,Selected Areas in Cryptography,Springer,http://dblp.uni-trier.de/db/conf/sacrypt/
会议,网络与信息安全,C,SOUPS,Symposium On Usable Privacy and Security,USENIX,http://dblp.uni-trier.de/db/conf/soups/
会议,网络与信息安全,C,HotSec,USENIX Workshop on Hot Topics in Security,USENIX,http://www.usenix.org/events/
会议,网络与信息安全,C,EuroS&P,IEEE European Symposium on Security and Privacy,IEEE,https://dblp.org/db/conf/eurosp/index.html
会议,网络与信息安全,C,Inscrypt,International Conference on Information Security and Cryptology,Springer,https://dblp.org/db/conf/cisc/index.html
会议,网络与信息安全,C,CODASPY,Conference on Data and Application Security and Privacy,ACM,https://dblp.uni-trier.de/db/conf/codaspy/index.html
会议,网络与信息安全,C,BlockSys,"International Conference on Blockchain, Artificial Intelligence, and Trustworthy Systems",Springer,https://dblp.uni-trier.de/db/conf/blocksys/index.html
会议,网络与信息安全,C,CSCloud,International Conference on Cyber Security and Cloud Computing,IEEE CSCloud Steering Committee,https://dblp.uni-trier.de/db/conf/cscloud/index.html
期刊,软件工程/系统软件/程序设计语言,A,TOPLAS,ACM Transactions on Programming Languages and Systems,ACM,http://dblp.uni-trier.de/db/journals/toplas/
期刊,软件工程/系统软件/程序设计语言,A,TOSEM,ACM Transactions on Software Engineering and Methodology,ACM,http://dblp.uni-trier.de/db/journals/tosem/
期刊,软件工程/系统软件/程序设计语言,A,TSE,IEEE Transactions on Software Engineering,IEEE,http://dblp.uni-trier.de/db/journals/tse/
期刊,软件工程/系统软件/程序设计语言,A,TSC,IEEE Transactions on Services Computing,IEEE,http://dblp.uni-trier.de/db/journals/tsc/
期刊,软件工程/系统软件/程序设计语言,B,ASE,Automated Software Engineering,Springer,http://dblp.uni-trier.de/db/journals/ase/
期刊,软件工程/系统软件/程序设计语言,B,ESE,Empirical Software Engineering,Springer,http://dblp.uni-trier.de/db/journals/ese/
期刊,软件工程/系统软件/程序设计语言,B,IETS,IET Software,IET,https://dblp.uni-trier.de/db/journals/iet-sen/
期刊,软件工程/系统软件/程序设计语言,B,IST,Information and Software Technology Cambridge,Elsevier,http://dblp.uni-trier.de/db/journals/infsof/index.html
期刊,软件工程/系统软件/程序设计语言,B,JFP,Journal of Functional Programming,Cambridge University Press,http://dblp.uni-trier.de/db/journals/jfp/
期刊,软件工程/系统软件/程序设计语言,B,JSS,Journal of Systems and Software,Elsevier,http://dblp.uni-trier.de/db/journals/jss/
期刊,软件工程/系统软件/程序设计语言,B,RE,Requirements Engineering,Springer,http://dblp.uni-trier.de/db/journals/re/
期刊,软件工程/系统软件/程序设计语言,B,SCP,Science of Computer Programming,Elsevier,http://dblp.uni-trier.de/db/journals/scp/
期刊,软件工程/系统软件/程序设计语言,B,SoSyM,Software and Systems Modeling,Springer,http://dblp.uni-trier.de/db/journals/sosym/
期刊,软件工程/系统软件/程序设计语言,B,STVR,"Software Testing, Verification and Reliability",Wiley,http://dblp.uni-trier.de/db/journals/stvr/index.html
期刊,软件工程/系统软件/程序设计语言,B,SPE,Software: Practice and Experience,Wiley,http://dblp.uni-trier.de/db/journals/spe/
期刊,软件工程/系统软件/程序设计语言,C,CL,"Computer Languages, Systems and Structures",Elsevier,http://dblp.uni-trier.de/db/journals/cl/index.html
期刊,软件工程/系统软件/程序设计语言,C,IJSEKE,International Journal of Software Engineering and Knowledge Engineering,World Scientific,http://dblp.uni-trier.de/db/journals/ijseke/index.html
期刊,软件工程/系统软件/程序设计语言,C,STTT,International Journal of Software Tools for Technology Transfer,Springer,http://dblp.uni-trier.de/db/journals/sttt/
期刊,软件工程/系统软件/程序设计语言,C,JLAMP,Journal of Logical and Algebraic Methods in Programming,Elsevier,https://dblp.uni-trier.de/db/journals/jlap/index.html
期刊,软件工程/系统软件/程序设计语言,C,JWE,Journal of Web Engineering,Rinton Press,http://dblp.uni-trier.de/db/journals/jwe/
期刊,软件工程/系统软件/程序设计语言,C,SOCA,Service Oriented Computing and Applications,Springer,http://dblp.uni-trier.de/db/journals/soca/
期刊,软件工程/系统软件/程序设计语言,C,SQJ,Software Quality Journal,Springer,http://dblp.uni-trier.de/db/journals/sqj/
期刊,软件工程/系统软件/程序设计语言,C,TPLP,Theory and Practice of Logic Programming,Cambridge University Press,http://dblp.uni-trier.de/db/journals/tplp/
期刊,软件工程/系统软件/程序设计语言,C,PACM PL,Proceedings of the ACM on Programming Languages,ACM,https://dblp.org/db/journals/pacmpl/index.html
会议,软件工程/系统软件/程序设计语言,A,PLDI,ACM SIGPLAN Conference on Programming Language Design and Implementation,ACM,http://dblp.uni-trier.de/db/conf/pldi/
会议,软件工程/系统软件/程序设计语言,A,POPL,ACM SIGPLAN-SIGACT Symposium on Principles of Programming Languages,ACM,http://dblp.uni-trier.de/db/conf/popl/
会议,软件工程/系统软件/程序设计语言,A,FSE,ACM International Conference on the Foundations of Software Engineering,ACM,http://dblp.uni-trier.de/db/conf/sigsoft/
会议,软件工程/系统软件/程序设计语言,A,SOSP,ACM Symposium on Operating Systems Principles,ACM,http://dblp.uni-trier.de/db/conf/sosp/
会议,软件工程/系统软件/程序设计语言,A,OOPSLA,"Conference on Object-Oriented Programming Systems, Languages, and Applications",ACM,http://dblp.uni-trier.de/db/conf/oopsla/
会议,软件工程/系统软件/程序设计语言,A,ASE,International Conference on Automated Software Engineering,IEEE/ACM,http://dblp.uni-trier.de/db/conf/kbse/
会议,软件工程/系统软件/程序设计语言,A,ICSE,International Conference on Software Engineering,IEEE/ACM,http://dblp.uni-trier.de/db/conf/icse/
会议,软件工程/系统软件/程序设计语言,A,ISSTA,International Symposium on Software Testing and Analysis,ACM,http://dblp.uni-trier.de/db/conf/issta/
会议,软件工程/系统软件/程序设计语言,A,OSDI,USENIX Symposium on Operating Systems Design and Implementation,USENIX,http://dblp.uni-trier.de/db/conf/osdi/
会议,软件工程/系统软件/程序设计语言,A,FM,International Symposium on Formal Methods,FME,http://dblp.uni-trier.de/db/conf/fm/
会议,软件工程/系统软件/程序设计语言,B,ECOOP,European Conference on Object-Oriented Programming,AITO,http://dblp.uni-trier.de/db/conf/ecoop/
会议,软件工程/系统软件/程序设计语言,B,ETAPS,European Joint Conferences on Theory and Practice of Software,Springer,http://dblp.uni-trier.de/db/conf/etaps/
会议,软件工程/系统软件/程序设计语言,B,ICPC,IEEE International Conference on Program Comprehension,IEEE,http://dblp.uni-trier.de/db/conf/iwpc/
会议,软件工程/系统软件/程序设计语言,B,RE,IEEE International Requirements Engineering Conference,IEEE,http://dblp.uni-trier.de/db/conf/re/
会议,软件工程/系统软件/程序设计语言,B,CAiSE,International Conference on Advanced Information Systems Engineering,Springer,http://dblp.uni-trier.de/db/conf/caise/
会议,软件工程/系统软件/程序设计语言,B,ICFP,ACM SIGPLAN International Conference on Function Programming,ACM,http://dblp.uni-trier.de/db/conf/icfp/
会议,软件工程/系统软件/程序设计语言,B,LCTES,"ACM SIGPLAN/SIGBED International Conference on Languages, Compilers and Tools for Embedded Systems",ACM,http://dblp.uni-trier.de/db/conf/lctrts/
会议,软件工程/系统软件/程序设计语言,B,MoDELS,ACM/IEEE International Conference on Model Driven EngineeringLanguages and Systems,IEEE/ACM,http://dblp.uni-trier.de/db/conf/models/
会议,软件工程/系统软件/程序设计语言,B,CP,International Conference on Principles and Practice of Constraint Programming,Springer,http://dblp.uni-trier.de/db/conf/cp/
会议,软件工程/系统软件/程序设计语言,B,ICSOC,International Conference on Service Oriented Computing,Springer,http://dblp.uni-trier.de/db/conf/icsoc/
会议,软件工程/系统软件/程序设计语言,B,SANER,"IEEE International Conference on Software Analysis, Evolution, and Reengineering",IEEE,http://dblp.uni-trier.de/db/conf/wcre/
会议,软件工程/系统软件/程序设计语言,B,ICSME,International Conference on Software Maintenance and Evolution,IEEE,http://dblp.uni-trier.de/db/conf/icsm/
会议,软件工程/系统软件/程序设计语言,B,VMCAI,"International Conference on Verification, Model Checking and Abstract Interpretation",Springer,http://dblp.uni-trier.de/db/conf/vmcai/
会议,软件工程/系统软件/程序设计语言,B,ICWS,IEEE International Conference on Web Services,IEEE,http://dblp.uni-trier.de/db/conf/icws/
会议,软件工程/系统软件/程序设计语言,B,Middleware,International Middleware Conference,ACM/IFIP/USENIX,http://dblp.uni-trier.de/db/conf/middleware/
会议,软件工程/系统软件/程序设计语言,B,SAS,International Static Analysis Symposium,Springer,http://dblp.uni-trier.de/db/conf/sas/
会议,软件工程/系统软件/程序设计语言,B,ESEM,International Symposium on Empirical Software Engineering and Measurement,IEEE/ACM,http://dblp.uni-trier.de/db/conf/esem/
会议,软件工程/系统软件/程序设计语言,B,ISSRE,IEEE International Symposium on Software Reliability Engineering,IEEE,http://dblp.uni-trier.de/db/conf/issre/
会议,软件工程/系统软件/程序设计语言,B,HotOS,USENIX Workshop on Hot Topics in Operating Systems,USENIX,http://dblp.uni-trier.de/db/conf/hotos/
会议,软件工程/系统软件/程序设计语言,B,CC,International Conference on Compiler Construction,ACM,https://dblp.uni-trier.de/db/conf/cc/index.html
会议,软件工程/系统软件/程序设计语言,C,PEPM,ACM SIGPLAN Workshop on Partial Evaluation and Program Manipulation,ACM,http://dblp.uni-trier.de/db/conf/pepm/
会议,软件工程/系统软件/程序设计语言,C,PASTE,ACMSIGPLAN-SIGSOFT Workshop on Program Analysis for Software Tools and Engineering,ACM,http://dblp.uni-trier.de/db/conf/paste/
会议,软件工程/系统软件/程序设计语言,C,APLAS,Asian Symposium on Programming Languages and Systems,Springer,http://dblp.uni-trier.de/db/conf/aplas/
会议,软件工程/系统软件/程序设计语言,C,APSEC,Asia-Pacific Software Engineering Conference,IEEE,http://dblp.uni-trier.de/db/conf/apsec/
会议,软件工程/系统软件/程序设计语言,C,EASE,International Conference on Evaluation and Assessment in Software Engineering,ACM,http://dblp.uni-trier.de/db/conf/ease/
会议,软件工程/系统软件/程序设计语言,C,ICECCS,International Conference on Engineering of Complex Computer Systems,IEEE,http://dblp.uni-trier.de/db/conf/iceccs/
会议,软件工程/系统软件/程序设计语言,C,ICST,"IEEE International Conference on Software Testing, Verification and Validation",IEEE,http://dblp.uni-trier.de/db/conf/icst/
会议,软件工程/系统软件/程序设计语言,C,ISPASS,IEEE International Symposium on Performance Analysis of Systems and Software,IEEE,http://dblp.uni-trier.de/db/conf/ispass/
会议,软件工程/系统软件/程序设计语言,C,SCAM,IEEE International Working Conference on Source Code Analysis and Manipulation,IEEE,http://dblp.uni-trier.de/db/conf/scam/
会议,软件工程/系统软件/程序设计语言,C,COMPSAC,International Computer Software and Applications Conference,IEEE,http://dblp.uni-trier.de/db/conf/compsac/
会议,软件工程/系统软件/程序设计语言,C,ICFEM,International Conference on Formal Engineering Methods,Springer,http://dblp.uni-trier.de/db/conf/icfem/
会议,软件工程/系统软件/程序设计语言,C,SSE,IEEE International Conference on Software Services Engineering,IEEE,http://dblp.uni-trier.de/db/conf/IEEEscc/
会议,软件工程/系统软件/程序设计语言,C,ICSSP,International Conference on Software and System Process,ACM,http://dblp.uni-trier.de/db/conf/ispw/
会议,软件工程/系统软件/程序设计语言,C,SEKE,International Conference on Software Engineering and Knowledge Engineering,KSI,http://dblp.uni-trier.de/db/conf/seke/
会议,软件工程/系统软件/程序设计语言,C,QRS,"International Conference on Software Quality, Reliability and Security",IEEE,https://dblp.uni-trier.de/db/conf/qrs/
会议,软件工程/系统软件/程序设计语言,C,ICSR,International Conference on Software Reuse,Springer,http://dblp.uni-trier.de/db/conf/icsr/
会议,软件工程/系统软件/程序设计语言,C,ICWE,International Conference on Web Engineering,Springer,http://dblp.uni-trier.de/db/conf/icwe/
会议,软件工程/系统软件/程序设计语言,C,SPIN,International Symposium on Model Checking of Software,Springer,http://dblp.uni-trier.de/db/conf/spin/index.html
会议,软件工程/系统软件/程序设计语言,C,ATVA,International Symposium on Automated Technology for Verification and Analysis,Springer,http://dblp.uni-trier.de/db/conf/atva/
会议,软件工程/系统软件/程序设计语言,C,LOPSTR,International Symposium on Logic-based Program Synthesis and Transformation,Springer,http://dblp.uni-trier.de/db/conf/lopstr/
会议,软件工程/系统软件/程序设计语言,C,TASE,Theoretical Aspects of Software Engineering Conference,IEEE,http://dblp.uni-trier.de/db/conf/tase/
会议,软件工程/系统软件/程序设计语言,C,MSR,Mining Software Repositories,IEEE/ACM,http://dblp.uni-trier.de/db/conf/msr/
会议,软件工程/系统软件/程序设计语言,C,REFSQ,Requirements Engineering: Foundation for Software Quality,Springer,http://dblp.uni-trier.de/db/conf/refsq/
会议,软件工程/系统软件/程序设计语言,C,WICSA,Working IEEE/IFIP Conference on Software Architecture,IEEE,http://dblp.uni-trier.de/db/conf/wicsa/
会议,软件工程/系统软件/程序设计语言,C,Internetware,Asia-Pacific Symposium on Internetware,ACM,https://dblp.org/db/conf/internetware/index.html
会议,软件工程/系统软件/程序设计语言,C,RV,International Conference on Runtime Verification,Springer,https://dblp.org/db/conf/rv/index.html
会议,软件工程/系统软件/程序设计语言,C,MEMOCODE,International Conference on Formal Methods and Models for Co-Design,IEEE/ACM,https://dblp.uni-trier.de/db/conf/memocode/index.html
期刊,数据库/数据挖掘/内容检索,A,TODS,ACM Transactions on Database Systems,ACM,http://dblp.uni-trier.de/db/journals/tods/
期刊,数据库/数据挖掘/内容检索,A,TOIS,ACM Transactions on Information Systems,ACM,http://dblp.uni-trier.de/db/journals/tois/
期刊,数据库/数据挖掘/内容检索,A,TKDE,IEEE Transactions on Knowledge and Data Engineering,IEEE,http://dblp.uni-trier.de/db/journals/tkde/
期刊,数据库/数据挖掘/内容检索,A,VLDBJ,The VLDB Journal,Springer,http://dblp.uni-trier.de/db/journals/vldb/
期刊,数据库/数据挖掘/内容检索,B,TKDD,ACM Transactions on Knowledge Discovery from Data,ACM,http://dblp.uni-trier.de/db/journals/tkdd/
期刊,数据库/数据挖掘/内容检索,B,TWEB,ACM Transactions on the Web,ACM,http://dblp.uni-trier.de/db/journals/tweb/
期刊,数据库/数据挖掘/内容检索,B,AEI,Advanced Engineering Informatics,Elsevier,http://dblp.uni-trier.de/db/journals/aei/
期刊,数据库/数据挖掘/内容检索,B,DKE,Data & Knowledge Engineering,Elsevier,http://dblp.uni-trier.de/db/journals/dke/
期刊,数据库/数据挖掘/内容检索,B,DMKD,Data Mining and Knowledge Discovery,Springer,http://dblp.uni-trier.de/db/journals/datamine/
期刊,数据库/数据挖掘/内容检索,B,EJIS,European Journal of Information Systems,Springer,http://dblp.uni-trier.de/db/journals/ejis/
期刊,数据库/数据挖掘/内容检索,B,IPM,Information Processing and Management,Elsevier,http://dblp.uni-trier.de/db/journals/ipm/
期刊,数据库/数据挖掘/内容检索,B,IS,Information Systems,Elsevier,http://dblp.uni-trier.de/db/journals/is/
期刊,数据库/数据挖掘/内容检索,B,JASIST,Journal of the Association for Information Science and Technology,Wiley,http://dblp.uni-trier.de/db/journals/jasis/
期刊,数据库/数据挖掘/内容检索,B,JWS,Journal of Web Semantics,Elsevier,http://dblp.uni-trier.de/db/journals/ws/
期刊,数据库/数据挖掘/内容检索,B,KAIS,Knowledge and Information Systems,Springer,http://dblp.uni-trier.de/db/journals/kais/
期刊,数据库/数据挖掘/内容检索,B,DSE,Data Science and Engineering,CCF/Springer Nature,https://dblp.org/db/journals/dase/index.html
期刊,数据库/数据挖掘/内容检索,C,DPD,Distributed and Parallel Databases,Springer,http://dblp.uni-trier.de/db/journals/dpd/
期刊,数据库/数据挖掘/内容检索,C,I&M,Information & Management,Elsevier,http://dblp.uni-trier.de/db/journals/iam/
期刊,数据库/数据挖掘/内容检索,C,IPL,Information Processing Letters,Elsevier,http://dblp.uni-trier.de/db/journals/ipl/
期刊,数据库/数据挖掘/内容检索,C,IR,Information Retrieval Journal,Springer,http://dblp.uni-trier.de/db/journals/ir/
期刊,数据库/数据挖掘/内容检索,C,IJCIS,International Journal of Cooperative Information Systems,World Scientific,http://dblp.uni-trier.de/db/journals/ijcis/
期刊,数据库/数据挖掘/内容检索,C,IJGIS,International Journal of Geographical Information Science,Taylor & Francis,http://dblp.uni-trier.de/db/journals/gis/
期刊,数据库/数据挖掘/内容检索,C,IJIS,International Journal of Intelligent Systems,Wiley,http://dblp.uni-trier.de/db/journals/ijis/
期刊,数据库/数据挖掘/内容检索,C,IJKM,International Journal of Knowledge Management,IGI,http://dblp.uni-trier.de/db/journals/ijkm/
期刊,数据库/数据挖掘/内容检索,C,IJSWIS,International Journal on Semantic Web and Information Systems,IGI,http://dblp.uni-trier.de/db/journals/ijswis/
期刊,数据库/数据挖掘/内容检索,C,JCIS,Journal of Computer Information Systems,IACIS,http://dblp.uni-trier.de/db/journals/jcis/
期刊,数据库/数据挖掘/内容检索,C,JDM,Journal of Database Management,IGI-Global,http://dblp.uni-trier.de/db/journals/jdm/
期刊,数据库/数据挖掘/内容检索,C,JGITM,Journal of Global Information Technology Management,Ivy League Publishing,https://dblp.org/db/journals/jgim/index.html
期刊,数据库/数据挖掘/内容检索,C,JIIS,Journal of Intelligent Information Systems,Springer,http://dblp.uni-trier.de/db/journals/jiis/
期刊,数据库/数据挖掘/内容检索,C,JSIS,The Journal of Strategic Information Systems,Elsevier,http://dblp.uni-trier.de/db/journals/jsis/
期刊,数据库/数据挖掘/内容检索,C,TIST,ACM Transactions on Intelligent Systems and Technology,ACM,https://dblp.uni-trier.de/db/journals/tist/index.html
期刊,数据库/数据挖掘/内容检索,C,TORS,ACM Transactions on Recommender Systems,ACM,https://dblp.uni-trier.de/db/journals/tors/index.html
会议,数据库/数据挖掘/内容检索,A,SIGMOD,ACM SIGMOD Conference,ACM,http://dblp.uni-trier.de/db/conf/sigmod/
会议,数据库/数据挖掘/内容检索,A,SIGKDD,ACM SIGKDD Conference on Knowledge Discovery and Data Mining,ACM,http://dblp.uni-trier.de/db/conf/kdd/
会议,数据库/数据挖掘/内容检索,A,ICDE,IEEE International Conference on Data Engineering,IEEE,http://dblp.uni-trier.de/db/conf/icde/
会议,数据库/数据挖掘/内容检索,A,SIGIR,International ACM SIGIR Conference on Research and Development in Information Retrieval,ACM,http://dblp.uni-trier.de/db/conf/sigir/
会议,数据库/数据挖掘/内容检索,A,VLDB,International Conference on Very Large Data Bases,Morgan Kaufmann/ACM,http://dblp.uni-trier.de/db/conf/vldb/
会议,数据库/数据挖掘/内容检索,B,CIKM,ACM International Conference on Information and Knowledge Management,ACM,http://dblp.uni-trier.de/db/journals/tkdd/
会议,数据库/数据挖掘/内容检索,B,WSDM,ACM International Conference on Web Search and Data Mining,ACM,http://dblp.uni-trier.de/db/journals/tweb/
会议,数据库/数据挖掘/内容检索,B,PODS,ACM SIGMOD-SIGACT-SIGAI Symposium on Principles of Database Systems,ACM,http://dblp.uni-trier.de/db/journals/aei/
会议,数据库/数据挖掘/内容检索,B,DASFAA,International Conference on Database Systems for Advanced Applications,Springer,http://dblp.uni-trier.de/db/journals/dke/
会议,数据库/数据挖掘/内容检索,B,ECML-PKDD,European Conference on Machine Learning and Principles and Practice of Knowledge Discovery in Databases,Springer,http://dblp.uni-trier.de/db/journals/datamine/
会议,数据库/数据挖掘/内容检索,B,ISWC,IEEE International Semantic Web Conference,IEEE,http://dblp.uni-trier.de/db/journals/ejis/
会议,数据库/数据挖掘/内容检索,B,ICDM,IEEE International Conference on Data Mining,IEEE,http://dblp.uni-trier.de/db/journals/geoinformatica/
会议,数据库/数据挖掘/内容检索,B,ICDT,International Conference on Database Theory,Springer,http://dblp.uni-trier.de/db/journals/ipm/
会议,数据库/数据挖掘/内容检索,B,EDBT,International Conference on Extending Database Technology,Springer,http://dblp.uni-trier.de/db/journals/isci/
会议,数据库/数据挖掘/内容检索,B,CIDR,Conference on Innovative Data Systems Research,Online Proceeding,http://dblp.uni-trier.de/db/journals/is/
会议,数据库/数据挖掘/内容检索,B,SDM,SIAM International Conference on Data Mining,SIAM,http://dblp.uni-trier.de/db/journals/jasis/
会议,数据库/数据挖掘/内容检索,B,RecSys,ACM Conference on Recommender Systems,ACM,http://dblp.uni-trier.de/db/journals/ws/
会议,数据库/数据挖掘/内容检索,B,WISE,Web Information Systems Engineering Conference,Springer,http://dblp.uni-trier.de/db/conf/wise/
会议,数据库/数据挖掘/内容检索,C,APWeb,Asia Pacific Web Conference,Springer,http://dblp.uni-trier.de/db/conf/apweb/
会议,数据库/数据挖掘/内容检索,C,DEXA,International Conference on Database and Expert System Applications,Springer,http://dblp.uni-trier.de/db/conf/dexa/
会议,数据库/数据挖掘/内容检索,C,ECIR,European Conference on Information Retrieval,Springer,http://dblp.uni-trier.de/db/conf/ecir/
会议,数据库/数据挖掘/内容检索,C,ESWC,Extended Semantic Web Conference,Springer,http://dblp.uni-trier.de/db/conf/esws/
会议,数据库/数据挖掘/内容检索,C,WebDB,International Workshop on Web and Databases,ACM,http://dblp.uni-trier.de/db/conf/webdb/
会议,数据库/数据挖掘/内容检索,C,ER,International Conference on Conceptual Modeling,Springer,http://dblp.uni-trier.de/db/conf/er/
会议,数据库/数据挖掘/内容检索,C,MDM,International Conference on Mobile Data Management,IEEE,http://dblp.uni-trier.de/db/conf/mdm/
会议,数据库/数据挖掘/内容检索,C,SSDBM,International Conference on Scientific and Statistical Database Management,IEEE,http://dblp.uni-trier.de/db/conf/ssdbm/
会议,数据库/数据挖掘/内容检索,C,WAIM,International Conference on Web Age Information Management,Springer,http://dblp.uni-trier.de/db/conf/waim/
会议,数据库/数据挖掘/内容检索,C,SSTD,International Symposium on Spatial and Temporal Databases,Springer,http://dblp.uni-trier.de/db/conf/ssd/
会议,数据库/数据挖掘/内容检索,C,PAKDD,Pacific-Asia Conference on Knowledge Discovery and Data Mining,Springer,http://dblp.uni-trier.de/db/conf/pakdd/
会议,数据库/数据挖掘/内容检索,C,ADMA,International Conference on Advanced Data Mining and Applications,Springer,https://dblp.org/db/conf/adma/index.html
会议,数据库/数据挖掘/内容检索,C,WISA,Web Information Systems and Applications,Springer,https://dblp.org/db/conf/wisa/index.html
期刊,计算机科学理论,A,TIT,IEEE Transactions on Information Theory,IEEE,http://dblp.uni-trier.de/db/journals/tit/
期刊,计算机科学理论,A,IANDC,Information and Computation,Elsevier,http://dblp.uni-trier.de/db/journals/iandc/
期刊,计算机科学理论,A,SICOMP,SIAM Journal on Computing,SIAM,http://dblp.uni-trier.de/db/journals/siamcomp/
期刊,计算机科学理论,B,TALG,ACM Transactions on Algorithms,ACM,http://dblp.uni-trier.de/db/journals/talg/
期刊,计算机科学理论,B,TOCL,ACM Transactions on Computational Logic,ACM,http://dblp.uni-trier.de/db/journals/tocl/
期刊,计算机科学理论,B,TOMS,ACM Transactions on Mathematical Software,ACM,http://dblp.uni-trier.de/db/journals/toms/
期刊,计算机科学理论,B,Algorithmica,Algorithmica,Springer,http://dblp.uni-trier.de/db/journals/algorithmica/
期刊,计算机科学理论,B,CC,Computational Complexity,Springer,http://dblp.uni-trier.de/db/journals/cc/
期刊,计算机科学理论,B,FAC,Formal Aspects of Computing,Springer,http://dblp.uni-trier.de/db/journals/fac/
期刊,计算机科学理论,B,FMSD,Formal Methods in System Design,Springer,http://dblp.uni-trier.de/db/journals/fmsd/
期刊,计算机科学理论,B,INFORMS,INFORMS Journal on Computing,INFORMS,http://dblp.uni-trier.de/db/journals/informs/
期刊,计算机科学理论,B,JCSS,Journal of Computer and System Sciences,Elsevier,http://dblp.uni-trier.de/db/journals/jcss/
期刊,计算机科学理论,B,JGO,Journal of Global Optimization,Springer,http://dblp.uni-trier.de/db/journals/jgo/
期刊,计算机科学理论,B,JSC,Journal of Symbolic Computation,Elsevier,http://dblp.uni-trier.de/db/journals/jsc/
期刊,计算机科学理论,B,MSCS,Mathematical Structures in Computer Science,Cambridge University Press,http://dblp.uni-trier.de/db/journals/mscs/
期刊,计算机科学理论,B,TCS,Theoretical Computer Science,Elsevier,http://dblp.uni-trier.de/db/journals/tcs/
期刊,计算机科学理论,C,ACTA,Acta Informatica,Springer,http://dblp.uni-trier.de/db/journals/acta/
期刊,计算机科学理论,C,APAL,Annals of Pure and Applied Logic,Elsevier,http://dblp.uni-trier.de/db/journals/apal/
期刊,计算机科学理论,C,DAM,Discrete Applied Mathematics,Elsevier,http://dblp.uni-trier.de/db/journals/dam/
期刊,计算机科学理论,C,FUIN,Fundamenta Informaticae,IOS Press,http://dblp.uni-trier.de/db/journals/fuin/
期刊,计算机科学理论,C,IPL,Information Processing Letters,Elsevier,http://dblp.uni-trier.de/db/journals/ipl/
期刊,计算机科学理论,C,JCOMPLEXITY,Journal of Complexity,Elsevier,http://dblp.uni-trier.de/db/journals/jc/
期刊,计算机科学理论,C,LOGCOM,Journal of Logic and Computation,Oxford University Press,http://dblp.uni-trier.de/db/journals/logcom/
期刊,计算机科学理论,C,JSL,The Journal of Symbolic Logic,Association for Symbolic Logic,http://dblp.uni-trier.de/db/journals/jsyml/
期刊,计算机科学理论,C,LMCS,Logical Methods in Computer Science,LMCS,http://dblp.uni-trier.de/db/journals/lmcs/
期刊,计算机科学理论,C,SIDMA,SIAM Journal on Discrete Mathematics,SIAM,http://dblp.uni-trier.de/db/journals/siamdm/
期刊,计算机科学理论,C,TQC,ACM Transactions in Quantum Computing,ACM,https://dblp.org/db/journals/tqc/index.html
会议,计算机科学理论,A,STOC,ACM Symposium on the Theory of Computing,ACM,http://dblp.uni-trier.de/db/conf/stoc/
会议,计算机科学理论,A,SODA,ACM-SIAM Symposium on Discrete Algorithms,SIAM,http://dblp.uni-trier.de/db/conf/soda/
会议,计算机科学理论,A,CAV,International Conference on Computer Aided Verification,Springer,http://dblp.uni-trier.de/db/conf/cav/
会议,计算机科学理论,A,FOCS,IEEE Annual Symposium on Foundations of Computer Science,IEEE,http://dblp.uni-trier.de/db/conf/focs/
会议,计算机科学理论,A,LICS,ACM/IEEE Symposium on Logic in Computer Science,IEEE,http://dblp.uni-trier.de/db/conf/lics/
会议,计算机科学理论,B,SoCG,International Symposium on Computational Geometry,ACM,http://dblp.uni-trier.de/db/conf/compgeom/
会议,计算机科学理论,B,ESA,European Symposium on Algorithms,Springer,http://dblp.uni-trier.de/db/conf/esa/
会议,计算机科学理论,B,CCC,Conference on Computational Complexity,IEEE,http://dblp.uni-trier.de/db/conf/coco/
会议,计算机科学理论,B,ICALP,"International Colloquium on Automata, Languages and Programming",Springer,http://dblp.uni-trier.de/db/conf/icalp/
会议,计算机科学理论,B,CADE,Conference on Automated Deduction,Springer,http://dblp.uni-trier.de/db/conf/cade/
会议,计算机科学理论,B,CONCUR,International Conference on Concurrency Theory,Springer,http://dblp.uni-trier.de/db/conf/concur/
会议,计算机科学理论,B,HSCC,International Conference on Hybrid Systems: Computation and Control,Springer/ ACM,http://dblp.uni-trier.de/db/conf/hybrid/
会议,计算机科学理论,B,SAT,International Conference on Theory and Applications of Satisfiability Testing,Springer,http://dblp.uni-trier.de/db/conf/sat/
会议,计算机科学理论,B,COCOON,International Computing and Combinatorics Conference,Springer,https://dblp.org/db/conf/cocoon/index.html
会议,计算机科学理论,B,FMCAD,Formal Methods in Computer-Aided Design,ACM,http://dblp.uni-trier.de/db/journals/apal/
会议,计算机科学理论,C,CSL,Computer Science Logic,Springer,http://dblp.uni-trier.de/db/journals/acta/
会议,计算机科学理论,C,FSTTCS,Foundations of Software Technology and Theoretical Computer Science,Indian Association for Research in Computing Science,http://dblp.uni-trier.de/db/journals/dam/
会议,计算机科学理论,C,DSAA,IEEE International Conference on Data Science and Advanced Analytics,IEEE,http://dblp.uni-trier.de/db/journals/fuin/
会议,计算机科学理论,C,ICTAC,International Colloquium on Theoretical Aspects of Computing,Springer,http://dblp.uni-trier.de/db/journals/ipl/
会议,计算机科学理论,C,IPCO,International Conference on Integer Programming and Combinatorial Optimization,Springer,http://dblp.uni-trier.de/db/journals/jc/
会议,计算机科学理论,C,FSCD(原 RTA),International Conference on Formal Structures for Computation and Deduction,Dagstuhl Leibniz LIPIcs,http://dblp.uni-trier.de/db/journals/logcom/
会议,计算机科学理论,C,ISAAC,International Symposium on Algorithms and Computation,Springer,http://dblp.uni-trier.de/db/journals/jsyml/
会议,计算机科学理论,C,MFCS,International Conference on Mathematical Foundations of Computer Science,Springer,http://dblp.uni-trier.de/db/journals/lmcs/
会议,计算机科学理论,C,STACS,Symposium on Theoretical Aspects of Computer Science,Springer,http://dblp.uni-trier.de/db/journals/siamdm/
会议,计算机科学理论,C,SETTA,"International Symposium on Software Engineering: Theories, Tools, and Applications",Springer,https://dblp.uni-trier.de/db/conf/setta/index.html
期刊,计算机图形学与多媒体,A,TOG,ACM Transactions on Graphics,ACM,http://dblp.uni-trier.de/db/journals/tog/
期刊,计算机图形学与多媒体,A,TIP,IEEE Transactions on Image Processing,IEEE,http://dblp.uni-trier.de/db/journals/tip/
期刊,计算机图形学与多媒体,A,TVCG,IEEE Transactions on Visualization and Computer Graphics,IEEE,http://dblp.uni-trier.de/db/journals/tvcg/
期刊,计算机图形学与多媒体,A,TMM,IEEE Transactions on Multimedia,IEEE,http://dblp.uni-trier.de/db/journals/tmm/
期刊,计算机图形学与多媒体,B,TOMM,"ACM Transactions on Multimedia Computing, Communications and Applications",ACM,http://dblp.uni-trier.de/db/journals/tomccap/
期刊,计算机图形学与多媒体,B,CAGD,Computer Aided Geometric Design,Elsevier,http://dblp.uni-trier.de/db/journals/cagd/
期刊,计算机图形学与多媒体,B,CGF,Computer Graphics Forum,Wiley,http://dblp.uni-trier.de/db/journals/cgf/
期刊,计算机图形学与多媒体,B,CAD,Computer-Aided Design,Elsevier,http://dblp.uni-trier.de/db/journals/cad/
期刊,计算机图形学与多媒体,B,TCSVT,IEEE Transactions on Circuits and Systems for Video Technology,IEEE,http://dblp.uni-trier.de/db/journals/tcsv/
期刊,计算机图形学与多媒体,B,JASA,The Journal of the Acoustical Society of America,AIP,http://scitation.aip.org/content/asa/journal/jasa
期刊,计算机图形学与多媒体,B,SIIMS,SIAM Journal on Imaging Sciences,SIAM,http://dblp.uni-trier.de/db/journals/siamis/
期刊,计算机图形学与多媒体,B,SPECOM,Speech Communication,Elsevier,http://dblp.uni-trier.de/db/journals/speech/
期刊,计算机图形学与多媒体,B,CVMJ,Computational Visual Media,Tsinghua University/Springer,https://dblp.org/db/journals/cvm/index.html
期刊,计算机图形学与多媒体,C,CGTA,Computational Geometry: Theory and Applications,Elsevier,http://dblp.uni-trier.de/db/journals/comgeo/
期刊,计算机图形学与多媒体,C,CAVW,Computer animation & virtual worlds,Wiley,https://dblp.org/db/journals/jvca/index.html
期刊,计算机图形学与多媒体,C,C&G,Computers & Graphics,Elsevier,http://dblp.uni-trier.de/db/journals/cg/
期刊,计算机图形学与多媒体,C,DCG,Discrete & Computational Geometry,Springer,http://dblp.uni-trier.de/db/journals/dcg/
期刊,计算机图形学与多媒体,C,SPL,IEEE Signal Processing Letters,IEEE,http://dblp.uni-trier.de/db/journals/spl/
期刊,计算机图形学与多媒体,C,IET-IPR,IET Image Processing,IET,http://dblp.uni-trier.de/db/journals/iet-ipr/
期刊,计算机图形学与多媒体,C,JVCIR,Journal of Visual Communication and Image Representation,Elsevier,http://dblp.uni-trier.de/db/journals/jvcir/
期刊,计算机图形学与多媒体,C,MS,Multimedia Systems,Springer,http://dblp.uni-trier.de/db/journals/mms/
期刊,计算机图形学与多媒体,C,MTA,Multimedia Tools and Applications,Springer,http://dblp.uni-trier.de/db/journals/mta/
期刊,计算机图形学与多媒体,C,SIGPRO,Signal Processing,Elsevier,http://dblp.uni-trier.de/db/journals/sigpro/
期刊,计算机图形学与多媒体,C,IMAGE,Signal Processing: Image Communication,Elsevier,http://dblp.uni-trier.de/db/journals/spic/
期刊,计算机图形学与多媒体,C,TVC,The Visual Computer,Springer,http://dblp.uni-trier.de/db/journals/vc/
期刊,计算机图形学与多媒体,C,VI,Visual Informatics,浙江大学出版社,https://dblp.uni-trier.de/db/journals/vi/index.html
期刊,计算机图形学与多媒体,C,VRIH,Virtual Reality & Intelligent Hardware,中国科技出版社/北京航空航天大学,https://dblp.uni-trier.de/db/journals/vrih/index.html
期刊,计算机图形学与多媒体,C,GMOD,Graphical Models,Elsevier,http://dblp.uni-trier.de/db/journals/cvgip/
会议,计算机图形学与多媒体,A,ACM MM,ACM International Conference on Multimedia,ACM,http://dblp.uni-trier.de/db/conf/mm/
会议,计算机图形学与多媒体,A,SIGGRAPH,ACM Special Interest Group on Computer Graphics,ACM,http://dblp.uni-trier.de/db/conf/siggraph/index.html
会议,计算机图形学与多媒体,A,VR,IEEE Virtual Reality,IEEE,http://dblp.uni-trier.de/db/conf/vr/
会议,计算机图形学与多媒体,A,IEEE VIS,IEEE Visualization Conference,IEEE,http://dblp.uni-trier.de/db/conf/visualization/index.html
会议,计算机图形学与多媒体,B,ICMR,ACM SIGMM International Conference on Multimedia Retrieval,ACM,http://dblp.uni-trier.de/db/conf/mir/
会议,计算机图形学与多媒体,B,I3D,ACM SIGGRAPH Symposium on Interactive 3D Graphics and Games,ACM,http://dblp.uni-trier.de/db/conf/si3d/
会议,计算机图形学与多媒体,B,SCA,ACM SIGGRAPH/Eurographics Symposium on Computer Animation,ACM,http://dblp.uni-trier.de/db/conf/sca/index.html
会议,计算机图形学与多媒体,B,DCC,Data Compression Conference,IEEE,http://dblp.uni-trier.de/db/conf/dcc/
会议,计算机图形学与多媒体,B,Eurographics,Annual Conference of the European Association for Computer Graphics,Wiley/Blackwell,http://dblp.uni-trier.de/db/conf/eurographics/
会议,计算机图形学与多媒体,B,EuroVis,Eurographics Conference on Visualization,ACM,http://dblp.uni-trier.de/db/conf/vissym/
会议,计算机图形学与多媒体,B,SGP,Eurographics Symposium on Geometry Processing,Wiley/Blackwell,http://dblp.uni-trier.de/db/conf/sgp/
会议,计算机图形学与多媒体,B,EGSR,Eurographics Symposium on Rendering,Wiley/Blackwell,http://dblp.uni-trier.de/db/conf/rt/
会议,计算机图形学与多媒体,B,ICASSP,"IEEE International Conference on Acoustics, Speech and Signal Processing",IEEE,http://dblp.uni-trier.de/db/conf/icassp/
会议,计算机图形学与多媒体,B,ICME,IEEE International Conference on Multimedia & Expo,IEEE,http://dblp.uni-trier.de/db/conf/icmcs/
会议,计算机图形学与多媒体,B,ISMAR,International Symposium on Mixed and Augmented Reality,IEEE/ACM,http://dblp.uni-trier.de/db/conf/ismar/
会议,计算机图形学与多媒体,B,PG,Pacific Conference onComputer Graphics and Applications,Wiley/Blackwell,http://dblp.uni-trier.de/db/conf/pg/index.html
会议,计算机图形学与多媒体,B,SPM,Symposium on Solid and Physical Modeling,SMA/Elsevier,http://dblp.uni-trier.de/db/conf/sma/
会议,计算机图形学与多媒体,B,INTER-SPEECH,Conference of the International Speech Communication Association,ISCA,http://dblp.uni-trier.de/db/conf/interspeech/index.html
会议,计算机图形学与多媒体,C,VRST,ACM Symposium on Virtual Reality Software and Technology,ACM,http://dblp2.uni-trier.de/db/conf/vrst/
会议,计算机图形学与多媒体,C,CASA,International Conference on Computer Animation and Social Agents,Wiley,http://dblp.uni-trier.de/db/conf/ca/
会议,计算机图形学与多媒体,C,CGI,Computer Graphics International,Springer,http://dblp.uni-trier.de/db/conf/cgi/
会议,计算机图形学与多媒体,C,GMP,Geometric Modeling and Processing,Elsevier,http://dblp.uni-trier.de/db/conf/gmp/
会议,计算机图形学与多媒体,C,PacificVis,IEEE Pacific Visualization Symposium,IEEE,http://dblp.uni-trier.de/db/conf/apvis/
会议,计算机图形学与多媒体,C,3DV,International Conference on 3D Vision,IEEE,https://dblp.uni-trier.de/db/conf/3dim/
会议,计算机图形学与多媒体,C,CAD/Graphics,International Conference on Computer-Aided Design and Computer Graphics Processing,IEEE,https://dblp.uni-trier.de/db/conf/cadgraphics/
会议,计算机图形学与多媒体,C,ICIP,IEEE International Conference on Image Processing,IEEE,http://dblp.uni-trier.de/db/conf/icip/
会议,计算机图形学与多媒体,C,MMM,International Conference on Multimedia Modeling,Springer,http://dblp.uni-trier.de/db/conf/mmm/index.html
会议,计算机图形学与多媒体,C,MMAsia,ACM Multimedia Asia,ACM,https://dblp.uni-trier.de/db/conf/mmasia/index.html
会议,计算机图形学与多媒体,C,SMI,Shape Modeling International,IEEE,http://dblp.uni-trier.de/db/conf/smi/
会议,计算机图形学与多媒体,C,ICVRV,International Conference on Virtual Reality and Visualization,IEEE,https://www.computer.org/csdl/proceedings/1800579
会议,计算机图形学与多媒体,C,CVM,Computational Visual Media,Tsinghua University,https://dblp.org/db/conf/cvm/index.html
会议,计算机图形学与多媒体,C,PRCV,Chinese Conference on Pattern Recognition and Computer Vision,Springer,https://dblp.org/db/conf/prcv/index.html
会议,计算机图形学与多媒体,C,ICIG,International Conference on Image and Graphics,Springer,https://dblp.uni-trier.de/db/conf/icig/index.html
会议,计算机图形学与多媒体,C,NCMMSC,National Conference on Man-Machine Speech Communication,CCF/中国中文信息学会,https://dblp.uni-trier.de/search?q=NCMMSC
会议,计算机图形学与多媒体,C,ASRU,Automatic Speech Recognition and Understanding Workshop,IEEE SLTC,https://dblp.uni-trier.de/db/conf/asru/index.html
会议,计算机图形学与多媒体,C,SLT,Spoken Language Technology,IEEE SLTC,https://dblp.uni-trier.de/db/conf/slt/index.html
期刊,人工智能,A,AI,Artificial Intelligence,Elsevier,http://dblp.uni-trier.de/db/conf/mm/
期刊,人工智能,A,TPAMI,IEEE Transactions on Pattern Analysis and Machine Intelligence,IEEE,http://dblp.uni-trier.de/db/conf/siggraph/index.html
期刊,人工智能,A,IJCV,International Journal of Computer Vision,Springer,http://dblp.uni-trier.de/db/conf/vr/
期刊,人工智能,A,JMLR,Journal of Machine Learning Research,MIT Press,http://dblp.uni-trier.de/db/conf/visualization/index.html
期刊,人工智能,B,TAP,ACM Transactions on Applied Perception,ACM,http://dblp2.uni-trier.de/db/conf/vrst/
期刊,人工智能,B,AAMAS,Autonomous Agents and Multi-Agent Systems,Springer,http://dblp.uni-trier.de/db/conf/ca/
期刊,人工智能,B,CVIU,Computer Vision and Image Understanding,Elsevier,http://dblp.uni-trier.de/db/conf/interspeech/index.html
期刊,人工智能,B,DKE,Data & Knowledge Engineering,Elsevier,http://dblp.uni-trier.de/db/conf/gmp/
期刊,人工智能,B,TAC,IEEE Transactions on Affective Computing,IEEE,https://dblp.uni-trier.de/db/conf/3dim/
期刊,人工智能,B,TASLP,"IEEE/ACM Transactions on Audio, Speech and Language Processing",IEEE,https://dblp.uni-trier.de/db/conf/cadgraphics/
期刊,人工智能,B,TEC,IEEE Transactions on Evolutionary Computation,IEEE,http://dblp.uni-trier.de/db/conf/mmm/index.html
期刊,人工智能,B,TFS,IEEE Transactions on Fuzzy Systems,IEEE,https://dblp.uni-trier.de/db/conf/mmasia/index.html
期刊,人工智能,B,TNNLS,IEEE Transactions on Neural Networks and learning systems,IEEE,http://dblp.uni-trier.de/db/conf/smi/
期刊,人工智能,B,IJAR,International Journal of Approximate Reasoning,Elsevier,https://www.computer.org/csdl/proceedings/1800579
期刊,人工智能,B,JAIR,Journal of Artificial Intelligence Research,AAAI,http://dblp.uni-trier.de/db/journals/tomccap/
期刊,人工智能,B,JSLHR,"Journal of Speech, Language, and Hearing Research",American Speech-Language Hearing Association,http://dblp.uni-trier.de/db/journals/cgf/
期刊,人工智能,B,PR,Pattern Recognition,Elsevier,http://dblp.uni-trier.de/db/journals/tmm/
期刊,人工智能,B,TACL,Transactions of the Association for Computational Linguistics,The Association for Computational Linguistics,http://scitation.aip.org/content/asa/journal/jasa
期刊,人工智能,C,TALLIP,ACM Transactions on Asian and Low-Resource Language Information Processing,ACM,http://dblp.uni-trier.de/db/journals/talip/
期刊,人工智能,C,AIM,Artificial Intelligence in Medicine,Elsevier,http://dblp.uni-trier.de/db/journals/artmed/
期刊,人工智能,C,DSS,Decision Support Systems,Elsevier,http://dblp.uni-trier.de/db/journals/dss/
期刊,人工智能,C,EAAI,Engineering Applications of Artificial,Elsevier,http://dblp.uni-trier.de/db/journals/eaai/
期刊,人工智能,C,ESWA,Expert Systems with Applications,Elsevier,http://dblp.uni-trier.de/db/journals/eswa/
期刊,人工智能,C,TG,IEEE Transactions on Games,IEEE,http://dblp.uni-trier.de/db/journals/tciaig/
期刊,人工智能,C,IET-CVI,IET Computer Vision,IET,https://dblp.org/db/journals/iet-cvi/index.html
期刊,人工智能,C,IVC,Image and Vision Computing,Elsevier,http://dblp.uni-trier.de/db/journals/ivc/
期刊,人工智能,C,IDA,Intelligent Data Analysis,IOS Press,http://dblp.uni-trier.de/db/journals/ida/
期刊,人工智能,C,IJCIA,International Journal of Computational Intelligence and Applications,World Scientific,http://dblp.uni-trier.de/db/journals/ijcia/
期刊,人工智能,C,IJIS,International Journal of Intelligent Systems,Wiley,http://dblp.uni-trier.de/db/journals/ijis/
期刊,人工智能,C,IJNS,International Journal of Neural Systems,World Scientific,http://dblp.uni-trier.de/db/journals/ijns/
期刊,人工智能,C,IJPRAI,International Journal of Pattern Recognition and Artificial Intelligence,World Scientific,http://dblp.uni-trier.de/db/journals/ijprai/
期刊,人工智能,C,IJUFKS,"International Journal of Uncertainty, Fuzziness and Knowledge-Based Systems",World Scientific,https://dblp.uni-trier.de/db/journals/ijufks/
期刊,人工智能,C,IJDAR,International Journal on Document Analysis and Recognition,Springer,http://dblp.uni-trier.de/db/journals/ijdar/
期刊,人工智能,C,JETAI,Journal of Experimental and Theoretical Artificial Intelligence,Taylor & Francis,http://dblp.uni-trier.de/db/journals/jetai/
期刊,人工智能,C,KBS,Knowledge-Based Systems,Elsevier,http://dblp.uni-trier.de/db/journals/kbs/
期刊,人工智能,C,NLE,Natural Language Engineering,Cambridge University Press,http://dblp.uni-trier.de/db/journals/nle/
期刊,人工智能,C,NCA,Neural Computing and Applications,Springer,http://dblp.uni-trier.de/db/journals/nca/
期刊,人工智能,C,NPL,Neural Processing Letters,Springer,http://dblp.uni-trier.de/db/journals/npl/
期刊,人工智能,C,PAA,Pattern Analysis and Applications,Springer,http://dblp.uni-trier.de/db/journals/paa/
期刊,人工智能,C,PRL,Pattern Recognition Letters,Elsevier,http://dblp.uni-trier.de/db/journals/prl/
期刊,人工智能,C,WI,Web Intelligence,IOS Press,http://dblp.uni-trier.de/db/journals/wias/
期刊,人工智能,C,TIIS,ACM Transactions on Interactive Intelligent Systems,ACM,https://dblp.org/db/journals/tiis/index.html
期刊,人工智能,C,TELO,ACM Transactions on Evolutionary Learning and Optimization,ACM,https://dblp.uni-trier.de/db/journals/telo/index.html
会议,人工智能,A,AAAI,AAAI Conference on Artificial Intelligence,AAAI,http://dblp.uni-trier.de/db/conf/aaai/
会议,人工智能,A,NeurIPS,Conference on Neural Information Processing Systems,MIT Press,http://dblp.uni-trier.de/db/conf/nips/
会议,人工智能,A,ACL,Annual Meeting of the Association for Computational Linguistics,ACL,http://dblp.uni-trier.de/db/conf/acl/
会议,人工智能,A,CVPR,IEEE/CVF Computer Vision and Pattern Recognition Conference,IEEE,http://dblp.uni-trier.de/db/conf/cvpr/
会议,人工智能,A,ICCV,International Conference on Computer Vision,IEEE,http://dblp.uni-trier.de/db/conf/iccv/
会议,人工智能,A,ICML,International Conference on Machine Learning,ACM,http://dblp.uni-trier.de/db/conf/icml/
会议,人工智能,A,ICLR,International Conference on Learning Representations,OpenReview,https://dblp.uni-trier.de/db/conf/iclr/index.html
会议,人工智能,B,COLT,Annual Conference on Computational Learning Theory,Springer,http://dblp.uni-trier.de/db/conf/colt/
会议,人工智能,B,EMNLP,Conference on Empirical Methods in Natural Language Processing,ACL,http://dblp.uni-trier.de/db/conf/emnlp/
会议,人工智能,B,ECAI,European Conference on Artificial Intelligence,IOS Press,http://dblp.uni-trier.de/db/conf/ecai/
会议,人工智能,B,ECCV,European Conference on Computer Vision,Springer,http://dblp.uni-trier.de/db/conf/eccv/
会议,人工智能,B,ICRA,IEEE International Conference on Robotics and Automation,IEEE,http://dblp.uni-trier.de/db/conf/icra/
会议,人工智能,B,ICAPS,International Conference on Automated Planning and Scheduling,AAAI,http://dblp.uni-trier.de/db/conf/aips/
会议,人工智能,B,ICCBR,International Conference on Case-Based Reasoning,Springer,http://dblp.uni-trier.de/db/conf/iccbr/
会议,人工智能,B,COLING,International Conference on Computational Linguistics,International Committee on Computational Linguistics,http://dblp.uni-trier.de/db/conf/coling/
会议,人工智能,B,KR,International Conference on Principles of Knowledge Representation and Reasoning,Morgan Kaufmann,http://dblp.uni-trier.de/db/conf/kr/
会议,人工智能,B,UAI,Conference on Uncertainty in Artificial Intelligence,AUAI,http://dblp.uni-trier.de/db/conf/uai/
会议,人工智能,B,AAMAS,International Joint Conference on Autonomous Agents and Multi-agent Systems,Springer,http://dblp.uni-trier.de/db/conf/atal/index.html
会议,人工智能,B,PPSN,Parallel Problem Solving from Nature,Springer,http://dblp.uni-trier.de/db/conf/ppsn/
会议,人工智能,B,NAACL,North American Chapter of the Association for Computational Linguistics,Association for Computational Linguistics,http://dblp.uni-trier.de/db/conf/naacl/
会议,人工智能,B,IJCAI,International Joint Conference on Artificial Intelligence,Morgan Kaufmann,http://dblp.uni-trier.de/db/conf/ijcai/
会议,人工智能,C,AISTATS,International Conference on Artificial Intelligence and Statistics,JMLR,http://dblp.uni-trier.de/db/conf/aistats/
会议,人工智能,C,ACCV,Asian Conference on Computer Vision,Springer,http://dblp.uni-trier.de/db/conf/accv/
会议,人工智能,C,ACML,Asian Conference on Machine Learning,JMLR,http://dblp.uni-trier.de/db/conf/acml/
会议,人工智能,C,BMVC,British Machine Vision Conference,British Machine Vision Association,http://dblp.uni-trier.de/db/conf/bmvc/
会议,人工智能,C,NLPCC,CCF International Conference on Natural Language Processing and Chinese Computing,Springer,https://dblp.uni-trier.de/db/conf/nlpcc/
会议,人工智能,C,CoNLL,Conference on Computational Natural Language Learning,Association for Computational Linguistics,http://dblp.uni-trier.de/db/conf/conll
会议,人工智能,C,GECCO,Genetic and Evolutionary Computation Conference,ACM,http://dblp.uni-trier.de/db/conf/gecco/
会议,人工智能,C,ICTAI,IEEE International Conference on Tools with Artificial Intelligence,IEEE,http://dblp.uni-trier.de/db/conf/ictai/
会议,人工智能,C,IROS,IEEE\RSJ International Conference on Intelligent Robots and Systems,IEEE,http://dblp.uni-trier.de/db/conf/iros/
会议,人工智能,C,ALT,International Conference on Algorithmic Learning Theory,Springer,http://dblp.uni-trier.de/db/conf/alt/
会议,人工智能,C,ICANN,International Conference on Artificial Neural Networks,Springer,http://dblp.uni-trier.de/db/conf/icann/
会议,人工智能,C,FG,IEEE International Conference on Automatic Face and Gesture Recognition,IEEE,http://dblp.uni-trier.de/db/conf/fgr/
会议,人工智能,C,ICDAR,International Conference on Document Analysis and Recognition,IEEE,http://dblp.uni-trier.de/db/conf/icdar/
会议,人工智能,C,ILP,International Conference on Inductive Logic Programming,Springer,http://dblp.uni-trier.de/db/conf/ilp/
会议,人工智能,C,KSEM,"International conference on Knowledge Science, Engineering and Management",Springer,http://dblp.uni-trier.de/db/conf/ksem/
会议,人工智能,C,ICONIP,International Conference on Neural Information Processing,Springer,http://dblp.uni-trier.de/db/conf/iconip/
会议,人工智能,C,ICPR,International Conference on Pattern Recognition,IEEE,http://dblp.uni-trier.de/db/conf/icpr/
会议,人工智能,C,IJCB,International Joint Conference on Biometrics,IEEE,http://dblp.uni-trier.de/db/conf/icb/
会议,人工智能,C,IJCNN,International Joint Conference on Neural Networks,IEEE,http://dblp.uni-trier.de/db/conf/ijcnn/
会议,人工智能,C,PRICAI,Pacific Rim International Conference on Artificial Intelligence,Springer,http://dblp.uni-trier.de/db/conf/pricai/
会议,人工智能,C,IEEE CEC,Congress on Evolutionary Computation,IEEE,https://dblp.uni-trier.de/db/conf/cec/index.html
会议,人工智能,C,DAI,International Conference on Distributed Artificial Intelligence,ACM/Springer,https://dblp.uni-trier.de/db/conf/dai2/index.html
期刊,人机交互与普适计算,A,TOCHI,ACM Transactions on Computer-Human Interaction,ACM,http://dblp.uni-trier.de/db/journals/tochi/
期刊,人机交互与普适计算,A,IJHCS,International Journal of Human-Computer Studies,Elsevier,http://dblp.uni-trier.de/db/journals/ijmms/
期刊,人机交互与普适计算,B,CSCW,Computer Supported Cooperative Work,Springer,http://dblp.uni-trier.de/db/journals/cscw/
期刊,人机交互与普适计算,B,HCI,Human-Computer Interaction,Taylor & Francis,http://dblp.uni-trier.de/db/journals/hhci/
期刊,人机交互与普适计算,B,IWC,Interacting with Computers,Oxford University Press,http://dblp.uni-trier.de/db/journals/iwc/
期刊,人机交互与普适计算,B,IJHCI,International Journal of Human-Computer Interaction,Taylor & Francis,http://dblp.uni-trier.de/db/journals/ijhci/
期刊,人机交互与普适计算,B,UMUAI,User Modeling and User-Adapted Interaction,Springer,http://dblp.uni-trier.de/db/journals/umuai/
期刊,人机交互与普适计算,B,TSMC,"IEEE Transactions on Systems, Man,and Cybernetics: Systems",IEEE,https://dblp.org/db/journals/tsmc/tsmc12.html
期刊,人机交互与普适计算,B,CCF TPCI,CCF Transactions on Pervasive Computing and Interaction,CCF/Springer,https://dblp.uni-trier.de/db/journals/ccftpci/index.html
期刊,人机交互与普适计算,C,BIT,Behaviour & Information Technology,Taylor & Francis,http://dblp.uni-trier.de/db/journals/behaviourIT/
期刊,人机交互与普适计算,C,PUC,Personal and Ubiquitous Computing,Springer,http://dblp.uni-trier.de/db/journals/puc/
期刊,人机交互与普适计算,C,PMC,Pervasive and Mobile Computing,Elsevier,http://dblp.uni-trier.de/db/journals/percom/
期刊,人机交互与普适计算,C,PACMHCI,Proceedings of the ACM on Human-Computer Interaction,ACM,https://dblp.org/db/journals/pacmhci/index.html
期刊,人机交互与普适计算,C,THRI,ACM Transactions on Human-Robot Interaction,ACM,https://dblp.uni-trier.de/db/journals/thri/index.html
会议,人机交互与普适计算,A,CSCW,ACM Conference On Computer-Supported Cooperative Work And Social Computing,ACM,http://dblp.uni-trier.de/db/conf/cscw
会议,人机交互与普适计算,A,CHI,ACM Conference on Human Factors in Computing Systems,ACM,http://dblp.uni-trier.de/db/conf/chi
会议,人机交互与普适计算,A,UbiComp,ACM international joint conference on Pervasive and Ubiquitous Computing,ACM,https://dblp.uni-trier.de/db/conf/huc/
会议,人机交互与普适计算,A,UIST,ACM Symposium on User Interface Software and Technology,ACM,http://dblp.uni-trier.de/db/conf/uist/
会议,人机交互与普适计算,B,GROUP,ACM International Conference on Supporting Group Work,ACM,http://dblp.uni-trier.de/db/conf/group/
会议,人机交互与普适计算,B,IUI,ACM International Conference on Intelligent User Interfaces,ACM,http://dblp.uni-trier.de/db/conf/iui/
会议,人机交互与普适计算,B,ISS,ACM International Conference on Interactive Surfaces and Spaces,ACM,http://dblp.uni-trier.de/db/conf/tabletop/
会议,人机交互与普适计算,B,ECSCW,European Conference on Computer Supported Cooperative Work,Springer,http://dblp.uni-trier.de/db/conf/ecscw/
会议,人机交互与普适计算,B,PERCOM,IEEE International Conference on Pervasive Computing and Communications,IEEE,http://dblp.uni-trier.de/db/conf/percom/
会议,人机交互与普适计算,B,MobileHCI,ACM International Conference on Mobile Human-Computer Interaction,ACM,http://dblp.uni-trier.de/db/conf/mhci/
会议,人机交互与普适计算,B,ICWSM,The International AAAI Conference on Web and Social Media,AAAI,https://dblp.org/db/conf/icwsm/index.html
会议,人机交互与普适计算,C,DIS,ACM SIGCHI Conference on Designing Interactive Systems,ACM,http://dblp.uni-trier.de/db/conf/ACMdis
会议,人机交互与普适计算,C,ICMI,ACM International Conference on Multimodal Interaction,ACM,http://dblp.uni-trier.de/db/conf/icmi/
会议,人机交互与普适计算,C,ASSETS,International ACM SIGACCESS Conference on Computers and Accessibility,ACM,http://dblp.uni-trier.de/db/conf/assets
会议,人机交互与普适计算,C,GI,Graphics Interface,ACM,http://dblp.uni-trier.de/db/conf/graphicsinterface/
会议,人机交互与普适计算,C,UIC,IEEE International Conference on Ubiquitous Intelligence and Computing,IEEE,http://dblp.uni-trier.de/db/conf/uic/
会议,人机交互与普适计算,C,INTERACT,International Conference on Human- Computer Interaction of International Federation for Information Processing,IFIP,http://dblp.uni-trier.de/db/conf/interact/
会议,人机交互与普适计算,C,IDC,ACM Interaction Design and Children,ACM,http://dblp.uni-trier.de/db/conf/acmidc/
会议,人机交互与普适计算,C,CollaborateCom,"International Conference on Collaborative Computing: Networking, Applications and Worksharing",Springer,https://dblp.uni-trier.de/db/conf/colcom/
会议,人机交互与普适计算,C,CSCWD,International Conference on Computer Supported Cooperative Work in Design,Springer,http://dblp.uni-trier.de/db/conf/cscwd/
会议,人机交互与普适计算,C,CoopIS,International Conference on Cooperative Information Systems,Springer,http://dblp.uni-trier.de/db/conf/coopis/
会议,人机交互与普适计算,C,MobiQuitous,"International Conference on Mobile and Ubiquitous Systems: Computing, Networking and Services",Springer,http://dblp.uni-trier.de/db/conf/mobiquitous/
会议,人机交互与普适计算,C,AVI,International Working Conference on Advanced Visual Interfaces,ACM,http://dblp.uni-trier.de/db/conf/avi/
会议,人机交互与普适计算,C,GPC,"Conference on Green, Pervasive and Cloud Computing",Springer,https://dblp.uni-trier.de/db/conf/gpc/index.html
会议,人机交互与普适计算,C,ICXR,CCF International Conference on Extended Reality,Springer,https://dblp.uni-trier.de/db/conf/icxr/index.html
期刊,交叉/综合/新兴,A,JACM,Journal of the ACM,ACM,http://dblp.uni-trier.de/db/journals/jacm/
期刊,交叉/综合/新兴,A,Proc. IEEE,Proceedings of the IEEE,IEEE,http://dblp.uni-trier.de/db/journals/pieee/
期刊,交叉/综合/新兴,A,SCIS,Science China Information Sciences,Science in China Press/Springer,http://dblp.uni-trier.de/db/journals/chinaf/
期刊,交叉/综合/新兴,A,Bioinformatics,Bioinformatics,Oxford University Press,http://dblp.uni-trier.de/db/journals/bioinformatics/
期刊,交叉/综合/新兴,B,Cognition,Cognition,Elsevier,http://www.journals.elsevier.com/cognition/
期刊,交叉/综合/新兴,B,TASAE,IEEE Transactions on Automation Science and Engineering,IEEE,http://dblp.uni-trier.de/db/journals/tase/
期刊,交叉/综合/新兴,B,TGARS,IEEE Transactions on Geoscience and Remote Sensing,IEEE,http://dblp.uni-trier.de/db/journals/tgrs/
期刊,交叉/综合/新兴,B,TITS,IEEE Transactions on Intelligent Transportation Systems,IEEE,http://dblp.uni-trier.de/db/journals/tits/
期刊,交叉/综合/新兴,B,TMI,IEEE Transactions on Medical Imaging,IEEE,http://dblp.uni-trier.de/db/journals/tmi/
期刊,交叉/综合/新兴,B,TR,IEEE Transactions on Robotics,IEEE,http://dblp.uni-trier.de/db/journals/trob/
期刊,交叉/综合/新兴,B,TCBB,IEEE/ACM Transactions on Computational Biology and Bioinformatics,IEEE/ACM,http://dblp.uni-trier.de/db/journals/tcbb/
期刊,交叉/综合/新兴,B,JCST,Journal of Computer Science and Technology,SCIENCE PRESS/Springer,http://dblp.uni-trier.de/db/journals/jcst/
期刊,交叉/综合/新兴,B,JAMIA,Journal of the American Medical Informatics Association,BMJ Journals,http://dblp.uni-trier.de/db/journals/jamia/
期刊,交叉/综合/新兴,B,WWW,World Wide Web,Springer,https://dblp.org/db/journals/www/index.html
期刊,交叉/综合/新兴,B,FCS,Frontiers of Computer Science,Higher Education Press,http://dblp.uni-trier.de/db/journals/fcsc/
期刊,交叉/综合/新兴,B,BCRA,Blockchain: Research and Applications,浙江大学出版社 /Elsevier,https://dblp.uni-trier.de/search?q=BCRA
期刊,交叉/综合/新兴,C,JBHI,IEEE Journal of Biomedical and Health Informatics,IEEE,http://dblp.uni-trier.de/db/journals/titb/
期刊,交叉/综合/新兴,C,TBD,IEEE Transactions on Big Data,IEEE,https://dblp.uni-trier.de/db/journals/tbd/
期刊,交叉/综合/新兴,C,JBI,Journal of Biomedical Informatics Informatics,Elsevier,https://dblp.uni-trier.de/db/journals/jbi/
期刊,交叉/综合/新兴,C,TII,IEEE Transactions on Industrial Informatics,IEEE,https://dblp.org/db/journals/tii/index.html
期刊,交叉/综合/新兴,C,TCPS,ACM Transactions on Cyber-Physical Systems,ACM,https://dblp.org/db/journals/tcps/index.html
期刊,交叉/综合/新兴,C,TOCE,ACM Transactions on Computing Education,ACM,https://dblp.org/db/journals/jeric/index.html
期刊,交叉/综合/新兴,C,FITEE,Frontiers of Information Technology & Electronic Engineering,Springer,https://dblp.org/db/journals/jzusc/index.html
期刊,交叉/综合/新兴,C,TCSS,IEEE Transactions on Computational Social Systems,IEEE,https://dblp.org/db/journals/tcss/index.html
期刊,交叉/综合/新兴,C,HEALTH,ACM Transactions on Computing for Healthcare,ACM,https://dblp.uni-trier.de/db/journals/health/index.html
期刊,交叉/综合/新兴,C,ACM DLT,ACM Distributed Ledger Technologies: Research and Practice,ACM,https://dblp.uni-trier.de/db/journals/distribledger/index.html
会议,交叉/综合/新兴,A,WWW,International World Wide Web Conference,ACM,http://dblp.uni-trier.de/db/conf/www/
会议,交叉/综合/新兴,A,RTSS,IEEE Real-Time Systems Symposium,IEEE,http://dblp.uni-trier.de/db/conf/rtss/
会议,交叉/综合/新兴,B,CogSci,Annual Meeting of the Cognitive Science Society,Psychology Press,https://dblp.uni-trier.de/db/conf/cogsci/
会议,交叉/综合/新兴,B,BIBM,IEEE International Conference on Bioinformatics and Biomedicine,IEEE,http://dblp.uni-trier.de/db/conf/bibm/
会议,交叉/综合/新兴,B,EMSOFT,International Conference on Embedded Software,IEEE/ACM/IFIP,http://dblp.uni-trier.de/db/conf/emsoft/
会议,交叉/综合/新兴,B,ISMB,International conference on Intelligent Systems for Molecular Biology,Oxford Journals,https://dblp.org/db/conf/ismb/index.html
会议,交叉/综合/新兴,B,RECOMB,Annual International Conference on Research in Computational Molecular Biology,Springer,http://dblp.uni-trier.de/db/conf/recomb/
会议,交叉/综合/新兴,B,MICCAI,International Conference on Medical Image Computing and Computer-Assisted Intervention,Springer,https://dblp.org/db/conf/miccai/index.html
会议,交叉/综合/新兴,B,WINE,Conference on Web and Internet Economics,Springer,https://dblp.org/db/conf/wine/index.html
会议,交叉/综合/新兴,C,AMIA,American Medical Informatics Association Annual Symposium,AMIA,http://dblp.uni-trier.de/db/conf/amia/
会议,交叉/综合/新兴,C,APBC,Asia Pacific Bioinformatics Conference,BioMed Central,http://dblp.uni-trier.de/db/conf/apbc/
会议,交叉/综合/新兴,C,IEEE BigData,IEEE International Conference on Big Data,IEEE,https://dblp.uni-trier.de/db/conf/bigdataconf/
会议,交叉/综合/新兴,C,IEEE CLOUD,IEEE International Conference on Cloud Computing,IEEE,http://dblp.uni-trier.de/db/conf/IEEEcloud/
会议,交叉/综合/新兴,C,SMC,"IEEE International Conference on Systems, Man, and Cybernetics",IEEE,https://dblp.uni-trier.de/db/conf/smc/
会议,交叉/综合/新兴,C,COSIT,International Conference on Spatial Information Theory,ACM,http://dblp.uni-trier.de/db/conf/cosit/
会议,交叉/综合/新兴,C,ISBRA,International Symposium on Bioinformatics Research and Applications,Springer,https://dblp.uni-trier.de/db/conf/isbra/
会议,交叉/综合/新兴,C,SAGT,International Symposium on Algorithmic Game Theory,Springer,https://dblp.org/db/conf/sagt/index.html
会议,交叉/综合/新兴,C,SIGSPATIAL,ACM Special Interest Group on Spatial Information,ACM,https://dblp.org/db/journals/sigspatial/index.html
会议,交叉/综合/新兴,C,ICIC,International Conference on Intelligent Computing,Springer-Nature,https://dblp.org/db/conf/icic/index.html
会议,交叉/综合/新兴,C,ICSS,International Conference on Service Science,CCF/Springer,https://dblp.uni-trier.de/db/conf/service/index.html
会议,交叉/综合/新兴,C,AFT,Advances in Financial Technologies,Springer,https://dblp.uni-trier.de/db/conf/aft/index.html
会议,交叉/综合/新兴,C,IJTCS-FAW,International Joint Conference on Theoretical Computer Science - Frontier of Algorithmic Wisdom,Springer,https://dblp.uni-trier.de/db/conf/faw/index.html
